2023-05-13,18:55,0,0
2023-05-13,19:00,0,0
2023-05-13,19:05,0,0
2023-05-13,19:10,0,0
2023-05-13,19:15,0,0
2023-05-13,19:20,0,0
2023-05-13,19:25,0,0
2023-05-13,19:30,0,0
2023-05-13,19:35,0,0
2023-05-13,19:40,0,0
2023-05-13,19:45,0,0
2023-05-13,19:50,0,0
2023-05-13,19:55,0,0
2023-05-13,20:00,0,0
2023-05-13,20:05,0,0
2023-05-13,20:10,0,0
2023-05-13,20:15,0,0
2023-05-13,20:20,0,0
2023-05-13,20:25,0,0
2023-05-13,20:30,0,0
2023-05-13,20:35,0,0
2023-05-13,20:40,0,0
2023-05-13,20:45,0,0
2023-05-13,20:50,0,0
2023-05-13,20:55,0,0
2023-05-13,21:00,0,0
2023-05-13,21:05,0,0
2023-05-13,21:10,0,0
2023-05-13,21:15,0,0
2023-05-13,21:20,0,0
2023-05-13,21:25,0,0
2023-05-13,21:30,0,0
2023-05-13,21:35,0,0
2023-05-13,21:40,0,0
2023-05-13,21:45,0,0
2023-05-13,21:50,0,0
2023-05-13,21:55,0,0
2023-05-13,22:00,0,0
2023-05-13,22:05,0,0
2023-05-13,22:10,0,0
2023-05-13,22:15,0,0
2023-05-13,22:20,0,0
2023-05-13,22:25,0,0
2023-05-13,22:30,0,0
2023-05-13,22:35,0,0
2023-05-13,22:40,0,0
2023-05-13,22:45,0,0
2023-05-13,22:50,0,0
2023-05-13,22:55,0,0
2023-05-13,23:00,0,0
2023-05-13,23:05,0,0
2023-05-13,23:10,1,0
2023-05-13,23:15,1,0
2023-05-13,23:20,1,0
2023-05-13,23:25,1,0
2023-05-13,23:40,1,0
2023-05-13,23:45,1,0
2023-05-13,23:50,1,0
2023-05-13,23:55,1,0
2023-05-14,00:00,1,0
2023-05-14,00:05,1,0
2023-05-14,00:10,1,0
2023-05-14,00:15,1,0
2023-05-14,00:20,1,0
2023-05-14,00:25,1,0
2023-05-14,00:30,1,0
2023-05-14,00:35,1,0
2023-05-14,00:40,1,0
2023-05-14,00:45,1,0
2023-05-14,00:50,1,0
2023-05-14,00:55,1,0
2023-05-14,01:00,1,0
2023-05-14,01:05,1,0
2023-05-14,01:10,0,0
2023-05-14,01:15,0,0
2023-05-14,01:20,0,0
2023-05-14,01:25,0,0
2023-05-14,01:30,0,0
2023-05-14,01:35,0,0
2023-05-14,01:40,1,0
2023-05-14,01:45,1,0
2023-05-14,01:50,1,0
2023-05-14,01:55,1,0
2023-05-14,02:00,1,0
2023-05-14,02:05,1,0
2023-05-14,02:10,1,0
2023-05-14,02:15,1,0
2023-05-14,02:20,0,0
2023-05-14,02:25,0,0
2023-05-14,02:30,0,0
2023-05-14,02:35,0,0
2023-05-14,02:40,0,0
2023-05-14,02:45,0,0
2023-05-14,02:50,0,0
2023-05-14,02:55,0,0
2023-05-14,03:00,0,0
2023-05-14,03:05,0,0
2023-05-14,03:10,0,0
2023-05-14,03:15,0,0
2023-05-14,03:20,0,0
2023-05-14,03:25,0,0
2023-05-14,03:30,0,0
2023-05-14,03:35,0,0
2023-05-14,03:40,0,0
2023-05-14,03:45,0,0
2023-05-14,03:50,0,0
2023-05-14,03:55,0,0
2023-05-14,04:00,0,0
2023-05-14,04:05,0,0
2023-05-14,04:10,0,0
2023-05-14,04:15,0,0
2023-05-14,04:20,0,0
2023-05-14,04:25,0,0
2023-05-14,04:30,0,0
2023-05-14,04:35,0,0
2023-05-14,04:40,0,0
2023-05-14,04:45,0,0
2023-05-14,04:50,0,0
2023-05-14,04:55,0,0
2023-05-14,05:00,0,0
2023-05-14,05:05,0,0
2023-05-14,05:10,0,0
2023-05-14,05:15,0,0
2023-05-14,05:20,0,0
2023-05-14,05:25,0,0
2023-05-14,05:30,0,0
2023-05-14,05:35,0,0
2023-05-14,05:40,0,0
2023-05-14,05:45,0,0
2023-05-14,05:50,0,0
2023-05-14,05:55,0,0
2023-05-14,06:00,0,0
2023-05-14,06:05,0,0
2023-05-14,06:10,0,0
2023-05-14,06:15,0,0
2023-05-14,06:20,0,0
2023-05-14,06:25,0,0
2023-05-14,06:30,0,0
2023-05-14,06:35,0,0
2023-05-14,06:40,0,0
2023-05-14,06:45,0,0
2023-05-14,06:50,0,0
2023-05-14,06:55,0,0
2023-05-14,07:00,0,0
2023-05-14,07:05,0,0
2023-05-14,07:10,0,0
2023-05-14,07:15,0,0
2023-05-14,07:20,0,0
2023-05-14,07:25,0,0
2023-05-14,07:30,0,0
2023-05-14,07:35,0,0
2023-05-14,07:40,0,0
2023-05-14,07:45,0,0
2023-05-14,07:50,0,0
2023-05-14,07:55,0,0
2023-05-14,08:00,0,0
2023-05-14,08:05,0,0
2023-05-14,08:10,0,0
2023-05-14,08:15,0,0
2023-05-14,08:20,0,0
2023-05-14,08:25,0,0
2023-05-14,08:30,0,0
2023-05-14,08:35,0,0
2023-05-14,08:40,0,0
2023-05-14,08:45,0,0
2023-05-14,08:50,0,0
2023-05-14,08:55,0,0
2023-05-14,09:00,0,0
2023-05-14,09:05,0,0
2023-05-14,09:10,0,0
2023-05-14,09:15,0,0
2023-05-14,09:20,0,0
2023-05-14,09:25,0,0
2023-05-14,09:30,0,0
2023-05-14,09:35,0,0
2023-05-14,09:40,0,0
2023-05-14,09:45,0,0
2023-05-14,09:50,0,0
2023-05-14,09:55,0,0
2023-05-14,10:00,0,0
2023-05-14,10:05,0,0
2023-05-14,10:10,0,0
2023-05-14,10:15,0,0
2023-05-14,10:20,0,0
2023-05-14,10:25,0,0
2023-05-14,10:30,0,0
2023-05-14,10:35,0,0
2023-05-14,10:40,0,0
2023-05-14,10:45,0,0
2023-05-14,10:50,0,0
2023-05-14,10:55,0,0
2023-05-14,11:00,0,0
2023-05-14,11:05,0,0
2023-05-14,11:10,0,0
2023-05-14,11:15,0,0
2023-05-14,11:20,0,0
2023-05-14,11:25,0,0
2023-05-14,11:30,0,0
2023-05-14,11:35,0,0
2023-05-14,11:40,0,0
2023-05-14,11:45,0,0
2023-05-14,11:50,0,0
2023-05-14,11:55,0,0
2023-05-14,12:00,0,0
2023-05-14,12:05,0,0
2023-05-14,12:10,0,0
2023-05-14,12:15,0,0
2023-05-14,12:20,0,0
2023-05-14,12:25,0,0
2023-05-14,12:30,0,0
2023-05-14,12:35,0,0
2023-05-14,12:40,0,0
2023-05-14,12:45,0,0
2023-05-14,12:50,1,0
2023-05-14,12:55,1,0
2023-05-14,13:00,1,0
2023-05-14,13:05,1,0
2023-05-14,13:15,1,0
2023-05-14,13:20,1,0
2023-05-14,13:25,1,0
2023-05-14,13:30,0,0
2023-05-14,13:35,0,0
2023-05-14,13:40,0,0
2023-05-14,13:45,0,0
2023-05-14,13:50,0,0
2023-05-14,13:55,0,0
2023-05-14,14:00,0,0
2023-05-14,14:05,0,0
2023-05-14,14:10,0,0
2023-05-14,14:15,0,0
2023-05-14,14:20,0,0
2023-05-14,14:25,0,0
2023-05-14,14:30,0,0
2023-05-14,14:35,0,0
2023-05-14,14:40,0,0
2023-05-14,14:45,0,0
2023-05-14,14:50,0,0
2023-05-14,14:55,0,0
2023-05-14,15:00,0,0
2023-05-14,15:05,0,0
2023-05-14,15:10,1,0
2023-05-14,15:15,1,0
2023-05-14,15:20,1,0
2023-05-14,15:25,1,0
2023-05-14,15:30,1,0
2023-05-14,15:35,1,0
2023-05-14,15:40,1,0
2023-05-14,15:45,0,0
2023-05-14,15:50,0,0
2023-05-14,15:55,0,0
2023-05-14,15:55,0,0
2023-05-14,16:00,0,0
2023-05-14,16:05,0,0
2023-05-14,16:10,0,0
2023-05-14,16:15,0,0
2023-05-14,16:20,0,0
2023-05-14,16:25,0,0
2023-05-14,16:30,0,0
2023-05-14,16:35,0,0
2023-05-14,16:40,0,0
2023-05-14,16:45,0,0
2023-05-14,16:50,0,0
2023-05-14,16:55,0,0
2023-05-14,17:00,0,0
2023-05-14,17:05,0,0
2023-05-14,17:10,0,0
2023-05-14,17:15,0,0
2023-05-14,17:20,0,0
2023-05-14,17:25,0,0
2023-05-14,17:30,0,0
2023-05-14,17:35,0,0
2023-05-14,17:40,0,0
2023-05-14,17:45,0,0
2023-05-14,17:50,0,0
2023-05-14,17:55,0,0
2023-05-14,18:00,0,0
2023-05-14,18:05,0,0
2023-05-14,18:10,0,0
2023-05-14,18:15,1,0
2023-05-14,18:20,1,0
2023-05-14,18:25,1,0
2023-05-14,18:30,1,0
2023-05-14,18:35,1,0
2023-05-14,18:40,1,0
2023-05-14,18:45,0,0
2023-05-14,18:50,0,0
2023-05-14,18:55,0,0
2023-05-14,19:00,0,0
2023-05-14,19:05,0,0
2023-05-14,19:10,0,0
2023-05-14,19:15,0,0
2023-05-14,19:20,0,0
2023-05-14,19:25,0,0
2023-05-14,19:30,0,0
2023-05-14,19:35,0,0
2023-05-14,19:40,0,0
2023-05-14,19:45,0,0
2023-05-14,19:50,0,0
2023-05-14,19:55,0,0
2023-05-14,20:00,0,0
2023-05-14,20:00,0,0
2023-05-14,20:05,0,0
2023-05-14,20:10,0,0
2023-05-14,20:15,0,0
2023-05-14,20:20,0,0
2023-05-14,20:25,0,0
2023-05-14,20:30,0,0
2023-05-14,20:35,0,0
2023-05-14,20:40,0,0
2023-05-14,20:45,0,0
2023-05-14,20:50,0,0
2023-05-14,20:55,0,0
2023-05-14,21:00,0,0
2023-05-14,21:05,0,0
2023-05-14,21:10,0,0
2023-05-14,21:15,0,0
2023-05-14,21:20,0,0
2023-05-14,21:25,0,0
2023-05-14,21:30,0,0
2023-05-14,21:35,0,0
2023-05-14,21:40,0,0
2023-05-14,21:45,0,0
2023-05-14,21:50,0,0
2023-05-14,21:55,0,0
2023-05-14,22:00,0,0
2023-05-14,22:05,0,0
2023-05-14,22:10,0,0
2023-05-14,22:15,0,0
2023-05-14,22:20,0,0
2023-05-14,22:25,0,0
2023-05-14,22:30,0,0
2023-05-14,22:35,1,0
2023-05-14,22:40,1,0
2023-05-14,22:45,1,0
2023-05-14,22:50,1,0
2023-05-14,22:55,1,0
2023-05-14,23:00,1,0
2023-05-14,23:05,1,0
2023-05-14,23:10,1,0
2023-05-14,23:15,1,0
2023-05-14,23:20,1,0
2023-05-14,23:25,1,0
2023-05-14,23:30,1,0
2023-05-15,00:10,1,0
2023-05-15,00:15,1,0
2023-05-15,00:20,1,0
2023-05-15,00:25,1,0
2023-05-15,00:30,1,0
2023-05-15,00:35,1,0
2023-05-15,00:40,1,0
2023-05-15,00:45,1,0
2023-05-15,00:50,1,0
2023-05-15,00:55,1,0
2023-05-15,01:00,1,0
2023-05-15,01:05,1,0
2023-05-15,01:10,1,0
2023-05-15,01:15,1,0
2023-05-15,01:20,1,0
2023-05-15,01:25,1,0
2023-05-15,01:30,1,0
2023-05-15,01:35,1,0
2023-05-15,01:40,1,0
2023-05-15,01:45,1,0
2023-05-15,01:50,1,0
2023-05-15,01:55,1,0
2023-05-15,02:00,1,0
2023-05-15,02:05,1,0
2023-05-15,02:10,0,0
2023-05-15,02:15,0,0
2023-05-15,02:20,0,0
2023-05-15,02:25,0,0
2023-05-15,02:30,0,0
2023-05-15,02:35,1,0
2023-05-15,02:40,1,0
2023-05-15,02:45,1,0
2023-05-15,02:50,1,0
2023-05-15,02:55,1,0
2023-05-15,03:00,1,0
2023-05-15,03:05,1,0
2023-05-15,03:10,0,0
2023-05-15,03:15,0,0
2023-05-15,03:20,0,0
2023-05-15,03:25,0,0
2023-05-15,03:30,0,0
2023-05-15,03:35,0,0
2023-05-15,03:40,0,0
2023-05-15,03:45,0,0
2023-05-15,03:50,0,0
2023-05-15,03:55,0,0
2023-05-15,04:00,0,0
2023-05-15,04:05,0,0
2023-05-15,04:10,0,0
2023-05-15,04:15,0,0
2023-05-15,04:20,0,0
2023-05-15,04:25,0,0
2023-05-15,04:30,0,0
2023-05-15,04:35,0,0
2023-05-15,04:40,0,0
2023-05-15,04:45,0,0
2023-05-15,04:50,0,0
2023-05-15,04:55,0,0
2023-05-15,05:00,0,0
2023-05-15,05:05,0,0
2023-05-15,05:10,0,0
2023-05-15,05:15,0,0
2023-05-15,05:20,0,0
2023-05-15,05:25,0,0
2023-05-15,05:30,0,0
2023-05-15,05:35,0,0
2023-05-15,05:40,0,0
2023-05-15,05:45,0,0
2023-05-15,05:50,0,0
2023-05-15,05:55,0,0
2023-05-15,06:00,0,0
2023-05-15,06:05,0,0
2023-05-15,06:10,0,0
2023-05-15,06:15,0,0
2023-05-15,06:20,0,0
2023-05-15,06:25,0,0
2023-05-15,06:30,0,0
2023-05-15,06:35,0,0
2023-05-15,06:40,0,0
2023-05-15,06:45,0,0
2023-05-15,06:50,0,0
2023-05-15,06:55,0,0
2023-05-15,07:00,0,0
2023-05-15,07:05,0,0
2023-05-15,07:10,0,0
2023-05-15,07:15,0,0
2023-05-15,07:20,0,0
2023-05-15,07:25,0,0
2023-05-15,07:30,0,0
2023-05-15,07:35,0,0
2023-05-15,07:40,0,0
2023-05-15,07:45,0,0
2023-05-15,07:50,0,0
2023-05-15,07:55,0,0
2023-05-15,08:00,0,0
2023-05-15,08:05,0,0
2023-05-15,08:10,0,0
2023-05-15,08:15,0,0
2023-05-15,08:20,0,0
2023-05-15,08:25,0,0
2023-05-15,08:30,0,0
2023-05-15,08:35,0,0
2023-05-15,08:40,0,0
2023-05-15,08:45,0,0
2023-05-15,08:50,0,0
2023-05-15,08:55,0,0
2023-05-15,09:00,0,0
2023-05-15,09:05,0,0
2023-05-15,09:10,0,0
2023-05-15,09:15,0,0
2023-05-15,09:20,0,0
2023-05-15,09:25,0,0
2023-05-15,09:30,0,0
2023-05-15,09:35,0,0
2023-05-15,09:40,0,0
2023-05-15,09:45,0,0
2023-05-15,09:50,0,0
2023-05-15,09:55,0,0
2023-05-15,10:00,0,0
2023-05-15,10:05,0,0
2023-05-15,10:10,0,0
2023-05-15,10:15,0,0
2023-05-15,10:20,0,0
2023-05-15,10:25,0,0
2023-05-15,10:30,0,0
2023-05-15,10:35,0,0
2023-05-15,10:40,0,0
2023-05-15,10:45,0,0
2023-05-15,10:50,0,0
2023-05-15,10:55,0,0
2023-05-15,11:00,0,0
2023-05-15,11:05,0,0
2023-05-15,11:10,0,0
2023-05-15,11:15,0,0
2023-05-15,11:20,0,0
2023-05-15,11:25,0,0
2023-05-15,11:30,0,0
2023-05-15,11:35,0,0
2023-05-15,11:40,0,0
2023-05-15,11:45,0,0
2023-05-15,11:50,0,0
2023-05-15,11:55,0,0
2023-05-15,12:00,0,0
2023-05-15,12:05,0,0
2023-05-15,12:10,0,0
2023-05-15,12:15,0,0
2023-05-15,12:20,0,0
2023-05-15,12:25,0,0
2023-05-15,12:30,0,0
2023-05-15,12:35,0,0
2023-05-15,12:40,0,0
2023-05-15,12:45,0,0
2023-05-15,12:50,0,0
2023-05-15,12:55,0,0
2023-05-15,13:00,0,0
2023-05-15,13:05,0,0
2023-05-15,13:10,0,0
2023-05-15,13:15,0,0
2023-05-15,13:20,0,0
2023-05-15,13:25,0,0
2023-05-15,13:30,0,0
2023-05-15,13:35,0,0
2023-05-15,13:40,0,0
2023-05-15,13:45,0,0
2023-05-15,13:50,0,0
2023-05-15,13:55,0,0
2023-05-15,14:00,0,0
2023-05-15,14:05,0,0
2023-05-15,14:10,0,0
2023-05-15,14:15,0,0
2023-05-15,14:20,0,0
2023-05-15,14:25,0,0
2023-05-15,14:30,0,0
2023-05-15,14:35,0,0
2023-05-15,14:40,0,0
2023-05-15,14:45,0,0
2023-05-15,14:50,0,0
2023-05-15,14:55,0,0
2023-05-15,15:00,0,0
2023-05-15,15:05,0,0
2023-05-15,15:10,0,0
2023-05-15,15:15,0,0
2023-05-15,15:20,0,0
2023-05-15,15:25,0,0
2023-05-15,15:30,0,0
2023-05-15,15:35,0,0
2023-05-15,15:40,0,0
2023-05-15,15:45,0,0
2023-05-15,15:50,0,0
2023-05-15,15:55,0,0
2023-05-15,16:00,0,0
2023-05-15,16:05,0,0
2023-05-15,16:10,0,0
2023-05-15,16:15,0,0
2023-05-15,16:20,0,0
2023-05-15,16:25,0,0
2023-05-15,16:30,0,0
2023-05-15,16:35,0,0
2023-05-15,16:40,0,0
2023-05-15,16:45,0,0
2023-05-15,16:50,0,0
2023-05-15,16:55,0,0
2023-05-15,17:00,0,0
2023-05-15,17:05,0,0
2023-05-15,17:10,0,0
2023-05-15,17:15,0,0
2023-05-15,17:20,0,0
2023-05-15,17:25,0,0
2023-05-15,17:30,0,0
2023-05-15,17:35,0,0
2023-05-15,17:40,0,0
2023-05-15,17:45,0,0
2023-05-15,17:50,0,0
2023-05-15,17:55,0,0
2023-05-15,18:00,0,0
2023-05-15,18:05,0,0
2023-05-15,18:10,0,0
2023-05-15,18:15,0,0
2023-05-15,18:20,0,0
2023-05-15,18:25,0,0
2023-05-15,18:30,0,0
2023-05-15,18:35,0,0
2023-05-15,18:40,0,0
2023-05-15,18:45,0,0
2023-05-15,18:50,0,0
2023-05-15,18:55,0,0
2023-05-15,19:00,0,0
2023-05-15,19:05,0,0
2023-05-15,19:10,0,0
2023-05-15,19:15,0,0
2023-05-15,19:20,0,0
2023-05-15,19:25,0,0
2023-05-15,19:30,0,0
2023-05-15,19:35,0,0
2023-05-15,19:40,0,0
2023-05-15,19:45,0,0
2023-05-15,19:50,0,0
2023-05-15,19:55,0,0
2023-05-15,20:00,0,0
2023-05-15,20:05,0,0
2023-05-15,20:10,0,0
2023-05-15,20:15,0,0
2023-05-15,20:20,0,0
2023-05-15,20:25,0,0
2023-05-15,20:30,0,0
2023-05-15,20:35,0,0
2023-05-15,20:40,0,0
2023-05-15,20:45,0,0
2023-05-15,20:50,0,0
2023-05-15,20:55,0,0
2023-05-15,21:00,0,0
2023-05-15,21:05,0,0
2023-05-15,21:10,0,0
2023-05-15,21:15,0,0
2023-05-15,21:20,0,0
2023-05-15,21:25,0,0
2023-05-15,21:30,0,0
2023-05-15,21:35,0,0
2023-05-15,21:40,0,0
2023-05-15,21:45,0,0
2023-05-15,21:50,0,0
2023-05-15,21:55,0,0
2023-05-15,22:00,0,0
2023-05-15,22:05,0,0
2023-05-15,22:10,0,0
2023-05-15,22:15,0,0
2023-05-15,22:20,0,0
2023-05-15,22:30,0,0
2023-05-15,22:35,0,0
2023-05-15,22:40,0,0
2023-05-15,22:45,0,0
2023-05-15,22:50,1,0
2023-05-15,22:55,0,0
2023-05-15,23:00,0,0
2023-05-15,23:05,0,0
2023-05-15,23:10,0,0
2023-05-15,23:15,0,0
2023-05-15,23:20,0,0
2023-05-15,23:25,0,0
2023-05-15,23:30,0,0
2023-05-15,23:35,1,0
2023-05-15,23:40,1,0
2023-05-15,23:45,1,0
2023-05-15,23:50,1,0
2023-05-15,23:55,1,0
2023-05-16,00:00,1,0
2023-05-16,00:05,1,0
2023-05-16,00:10,1,0
2023-05-16,00:15,1,0
2023-05-16,00:20,1,0
2023-05-16,00:25,1,0
2023-05-16,00:30,1,0
2023-05-16,00:35,1,0
2023-05-16,00:40,1,0
2023-05-16,00:45,1,0
2023-05-16,00:50,1,0
2023-05-16,00:55,1,0
2023-05-16,01:00,1,0
2023-05-16,01:05,1,0
2023-05-16,01:10,1,0
2023-05-16,01:15,1,0
2023-05-16,01:20,0,0
2023-05-16,01:25,0,0
2023-05-16,01:30,0,0
2023-05-16,01:35,0,0
2023-05-16,01:40,0,0
2023-05-16,01:45,0,0
2023-05-16,01:50,0,0
2023-05-16,01:55,0,0
2023-05-16,02:00,0,0
2023-05-16,02:05,0,0
2023-05-16,02:10,0,0
2023-05-16,02:15,0,0
2023-05-16,02:20,0,0
2023-05-16,02:25,0,0
2023-05-16,02:30,0,0
2023-05-16,02:35,0,0
2023-05-16,02:40,0,0
2023-05-16,02:45,0,0
2023-05-16,02:50,0,0
2023-05-16,02:55,0,0
2023-05-16,03:00,0,0
2023-05-16,03:05,0,0
2023-05-16,03:10,0,0
2023-05-16,03:15,0,0
2023-05-16,03:20,0,0
2023-05-16,03:25,0,0
2023-05-16,03:30,0,0
2023-05-16,03:35,0,0
2023-05-16,03:40,0,0
2023-05-16,03:45,0,0
2023-05-16,03:50,0,0
2023-05-16,03:55,0,0
2023-05-16,04:00,0,0
2023-05-16,04:05,0,0
2023-05-16,04:10,0,0
2023-05-16,04:15,0,0
2023-05-16,04:20,0,0
2023-05-16,04:25,0,0
2023-05-16,04:30,0,0
2023-05-16,04:35,0,0
2023-05-16,04:40,0,0
2023-05-16,04:45,0,0
2023-05-16,04:50,0,0
2023-05-16,04:55,0,0
2023-05-16,05:00,0,0
2023-05-16,05:05,0,0
2023-05-16,05:10,0,0
2023-05-16,05:15,0,0
2023-05-16,05:20,0,0
2023-05-16,05:25,0,0
2023-05-16,05:30,0,0
2023-05-16,05:35,0,0
2023-05-16,05:40,0,0
2023-05-16,05:45,0,0
2023-05-16,05:50,0,0
2023-05-16,05:55,0,0
2023-05-16,06:00,0,0
2023-05-16,06:05,0,0
2023-05-16,06:10,0,0
2023-05-16,06:15,0,0
2023-05-16,06:20,0,0
2023-05-16,06:25,0,0
2023-05-16,06:30,0,0
2023-05-16,06:35,0,0
2023-05-16,06:40,0,0
2023-05-16,06:45,0,0
2023-05-16,06:50,0,0
2023-05-16,06:55,0,0
2023-05-16,07:00,0,0
2023-05-16,07:05,0,0
2023-05-16,07:10,0,0
2023-05-16,07:15,0,0
2023-05-16,07:20,0,0
2023-05-16,07:25,0,0
2023-05-16,07:30,0,0
2023-05-16,07:35,0,0
2023-05-16,07:40,0,0
2023-05-16,07:45,0,0
2023-05-16,07:50,0,0
2023-05-16,07:55,0,0
2023-05-16,08:00,0,0
2023-05-16,08:05,0,0
2023-05-16,08:10,0,0
2023-05-16,08:15,0,0
2023-05-16,08:20,0,0
2023-05-16,08:25,0,0
2023-05-16,08:30,0,0
2023-05-16,08:35,0,0
2023-05-16,08:40,0,0
2023-05-16,08:45,0,0
2023-05-16,08:50,0,0
2023-05-16,08:55,0,0
2023-05-16,09:00,0,0
2023-05-16,09:05,0,0
2023-05-16,09:10,0,0
2023-05-16,09:15,0,0
2023-05-16,09:20,0,0
2023-05-16,09:25,0,0
2023-05-16,09:30,0,0
2023-05-16,09:35,0,0
2023-05-16,09:40,0,0
2023-05-16,09:45,0,0
2023-05-16,09:50,0,0
2023-05-16,09:55,0,0
2023-05-16,10:00,0,0
2023-05-16,10:05,0,0
2023-05-16,10:10,0,0
2023-05-16,10:15,0,0
2023-05-16,10:20,0,0
2023-05-16,10:25,0,0
2023-05-16,10:30,0,0
2023-05-16,10:35,0,0
2023-05-16,10:40,0,0
2023-05-16,10:45,0,0
2023-05-16,10:50,0,0
2023-05-16,10:55,0,0
2023-05-16,11:00,0,0
2023-05-16,11:05,0,0
2023-05-16,11:10,0,0
2023-05-16,11:15,0,0
2023-05-16,11:20,0,0
2023-05-16,11:25,0,0
2023-05-16,11:30,0,0
2023-05-16,11:35,0,0
2023-05-16,11:40,0,0
2023-05-16,11:45,0,0
2023-05-16,11:50,0,0
2023-05-16,11:55,0,0
2023-05-16,12:00,0,0
2023-05-16,12:05,0,0
2023-05-16,12:10,0,0
2023-05-16,12:15,0,0
2023-05-16,12:20,0,0
2023-05-16,12:25,0,0
2023-05-16,12:30,0,0
2023-05-16,12:35,0,0
2023-05-16,12:40,0,0
2023-05-16,12:45,0,0
2023-05-16,12:50,0,0
2023-05-16,12:55,0,0
2023-05-16,13:00,0,0
2023-05-16,13:05,0,0
2023-05-16,13:10,0,0
2023-05-16,13:15,0,0
2023-05-16,13:20,0,0
2023-05-16,13:25,0,0
2023-05-16,13:30,0,0
2023-05-16,13:35,0,0
2023-05-16,13:40,0,0
2023-05-16,13:45,0,0
2023-05-16,13:50,0,0
2023-05-16,13:55,0,0
2023-05-16,14:00,0,0
2023-05-16,14:05,0,0
2023-05-16,14:10,0,0
2023-05-16,14:15,1,0
2023-05-16,14:20,1,0
2023-05-16,14:25,1,0
2023-05-16,14:30,1,0
2023-05-16,14:35,1,0
2023-05-16,14:40,1,0
2023-05-16,14:45,1,0
2023-05-16,14:50,1,0
2023-05-16,14:55,1,0
2023-05-16,15:00,1,0
2023-05-16,15:05,1,0
2023-05-16,15:10,1,0
2023-05-16,15:15,1,0
2023-05-16,15:20,1,0
2023-05-16,15:25,1,0
2023-05-16,15:30,1,0
2023-05-16,15:35,1,0
2023-05-16,15:40,1,0
2023-05-16,15:45,1,0
2023-05-16,15:50,1,0
2023-05-16,15:55,1,0
2023-05-16,16:00,1,0
2023-05-16,16:05,1,0
2023-05-16,16:10,1,0
2023-05-16,16:15,1,0
2023-05-16,16:20,1,0
2023-05-16,16:25,1,0
2023-05-16,16:30,1,0
2023-05-16,16:35,1,0
2023-05-16,16:40,1,0
2023-05-16,16:45,1,0
2023-05-16,16:50,1,0
2023-05-16,16:55,1,0
2023-05-16,17:00,1,0
2023-05-16,17:05,1,0
2023-05-16,17:10,1,0
2023-05-16,17:15,1,0
2023-05-16,17:20,1,0
2023-05-16,17:25,1,0
2023-05-16,17:30,1,0
2023-05-16,17:35,1,0
2023-05-16,17:40,1,0
2023-05-16,17:45,1,0
2023-05-16,17:50,1,0
2023-05-16,17:55,1,0
2023-05-16,18:00,1,0
2023-05-16,18:05,1,0
2023-05-16,18:10,1,0
2023-05-16,18:15,1,0
2023-05-16,18:20,1,0
2023-05-16,18:25,1,0
2023-05-16,18:30,1,0
2023-05-16,18:35,1,0
2023-05-16,18:40,0,0
2023-05-16,18:45,1,0
2023-05-16,18:50,1,0
2023-05-16,18:55,1,0
2023-05-16,19:00,1,0
2023-05-16,19:05,1,0
2023-05-16,19:10,0,0
2023-05-16,19:15,0,0
2023-05-16,19:20,0,0
2023-05-16,19:25,0,0
2023-05-16,19:30,0,0
2023-05-16,19:35,0,0
2023-05-16,19:40,0,0
2023-05-16,19:45,0,0
2023-05-16,19:50,0,0
2023-05-16,19:55,0,0
2023-05-16,20:00,0,0
2023-05-16,20:05,0,0
2023-05-16,20:10,0,0
2023-05-16,20:15,0,0
2023-05-16,20:20,0,0
2023-05-16,20:25,0,0
2023-05-16,20:30,0,0
2023-05-16,20:35,0,0
2023-05-16,20:40,0,0
2023-05-16,20:45,1,0
2023-05-16,20:50,0,0
2023-05-16,20:55,0,0
2023-05-16,21:00,0,0
2023-05-16,21:05,0,0
2023-05-16,21:10,0,0
2023-05-16,21:15,0,0
2023-05-16,21:20,0,0
2023-05-16,21:25,0,0
2023-05-16,21:30,0,0
2023-05-16,21:35,0,0
2023-05-16,21:40,0,0
2023-05-16,21:45,0,0
2023-05-16,21:50,0,0
2023-05-16,21:55,0,0
2023-05-16,22:00,0,0
2023-05-16,22:05,0,0
2023-05-16,22:10,0,0
2023-05-16,22:15,0,0
2023-05-16,22:20,0,0
2023-05-16,22:25,0,0
2023-05-16,22:30,0,0
2023-05-16,22:35,0,0
2023-05-16,22:40,0,0
2023-05-16,22:45,0,0
2023-05-16,22:50,0,0
2023-05-16,22:55,0,0
2023-05-16,23:00,0,0
2023-05-16,23:05,0,0
2023-05-16,23:10,0,0
2023-05-16,23:15,0,0
2023-05-16,23:20,0,0
2023-05-16,23:25,0,0
2023-05-16,23:30,0,0
2023-05-16,23:35,0,0
2023-05-16,23:40,0,0
2023-05-16,23:45,1,0
2023-05-16,23:50,0,0
2023-05-16,23:55,0,0
2023-05-17,00:00,0,0
2023-05-17,00:05,0,0
2023-05-17,00:10,0,0
2023-05-17,00:15,1,0
2023-05-17,00:20,1,0
2023-05-17,00:25,1,0
2023-05-17,00:30,1,0
2023-05-17,00:35,0,0
2023-05-17,00:40,0,0
2023-05-17,00:45,0,0
2023-05-17,00:50,0,0
2023-05-17,00:55,0,0
2023-05-17,01:00,0,0
2023-05-17,01:05,0,0
2023-05-17,01:10,0,0
2023-05-17,01:15,0,0
2023-05-17,01:20,0,0
2023-05-17,01:25,0,0
2023-05-17,01:30,0,0
2023-05-17,01:35,0,0
2023-05-17,01:55,0,0
2023-05-17,02:00,0,0
2023-05-17,02:05,0,0
2023-05-17,02:10,0,0
2023-05-17,02:15,0,0
2023-05-17,02:20,0,0
2023-05-17,02:25,0,0
2023-05-17,02:30,0,0
2023-05-17,02:35,0,0
2023-05-17,02:40,0,0
2023-05-17,02:45,0,0
2023-05-17,02:50,0,0
2023-05-17,02:55,0,0
2023-05-17,03:00,0,0
2023-05-17,03:05,0,0
2023-05-17,03:10,0,0
2023-05-17,03:15,0,0
2023-05-17,03:20,0,0
2023-05-17,03:25,0,0
2023-05-17,03:30,0,0
2023-05-17,03:35,0,0
2023-05-17,03:40,0,0
2023-05-17,03:45,0,0
2023-05-17,03:50,0,0
2023-05-17,03:55,0,0
2023-05-17,04:00,0,0
2023-05-17,04:05,0,0
2023-05-17,04:10,0,0
2023-05-17,04:15,0,0
2023-05-17,04:20,0,0
2023-05-17,04:25,0,0
2023-05-17,04:30,0,0
2023-05-17,04:35,0,0
2023-05-17,04:40,0,0
2023-05-17,04:45,0,0
2023-05-17,04:50,0,0
2023-05-17,04:55,0,0
2023-05-17,05:00,0,0
2023-05-17,05:05,0,0
2023-05-17,05:10,0,0
2023-05-17,05:15,0,0
2023-05-17,05:20,0,0
2023-05-17,05:25,0,0
2023-05-17,05:30,0,0
2023-05-17,05:35,0,0
2023-05-17,05:40,0,0
2023-05-17,05:45,0,0
2023-05-17,05:50,0,0
2023-05-17,05:55,0,0
2023-05-17,06:00,0,0
2023-05-17,06:05,0,0
2023-05-17,06:10,0,0
2023-05-17,06:15,0,0
2023-05-17,06:20,0,0
2023-05-17,06:25,0,0
2023-05-17,06:30,0,0
2023-05-17,06:35,0,0
2023-05-17,06:40,0,0
2023-05-17,06:45,0,0
2023-05-17,06:50,0,0
2023-05-17,06:55,0,0
2023-05-17,07:00,0,0
2023-05-17,07:05,0,0
2023-05-17,07:10,0,0
2023-05-17,07:15,0,0
2023-05-17,07:20,0,0
2023-05-17,07:25,0,0
2023-05-17,07:30,0,0
2023-05-17,07:35,0,0
2023-05-17,07:40,0,0
2023-05-17,07:45,0,0
2023-05-17,07:50,0,0
2023-05-17,07:55,0,0
2023-05-17,08:00,0,0
2023-05-17,08:05,0,0
2023-05-17,08:10,0,0
2023-05-17,08:15,0,0
2023-05-17,08:20,0,0
2023-05-17,08:25,0,0
2023-05-17,08:30,0,0
2023-05-17,08:35,0,0
2023-05-17,08:40,0,0
2023-05-17,08:45,0,0
2023-05-17,08:50,0,0
2023-05-17,08:55,0,0
2023-05-17,09:00,0,0
2023-05-17,09:05,0,0
2023-05-17,09:10,0,0
2023-05-17,09:15,0,0
2023-05-17,09:20,0,0
2023-05-17,09:25,0,0
2023-05-17,09:30,0,0
2023-05-17,09:35,0,0
2023-05-17,09:40,0,0
2023-05-17,09:45,0,0
2023-05-17,09:50,0,0
2023-05-17,09:55,0,0
2023-05-17,10:00,0,0
2023-05-17,10:05,0,0
2023-05-17,10:10,0,0
2023-05-17,10:15,0,0
2023-05-17,10:20,0,0
2023-05-17,10:25,0,0
2023-05-17,10:30,0,0
2023-05-17,10:35,0,0
2023-05-17,10:40,0,0
2023-05-17,10:45,0,0
2023-05-17,10:50,0,0
2023-05-17,10:55,0,0
2023-05-17,11:00,0,0
2023-05-17,11:05,0,0
2023-05-17,11:10,0,0
2023-05-17,11:15,0,0
2023-05-17,11:20,0,0
2023-05-17,11:25,0,0
2023-05-17,11:30,0,0
2023-05-17,11:35,0,0
2023-05-17,11:40,0,0
2023-05-17,11:45,0,0
2023-05-17,11:50,0,0
2023-05-17,11:55,0,0
2023-05-17,12:00,0,0
2023-05-17,12:05,0,0
2023-05-17,12:10,0,0
2023-05-17,12:15,0,0
2023-05-17,12:20,0,0
2023-05-17,12:25,0,0
2023-05-17,12:30,0,0
2023-05-17,12:35,0,0
2023-05-17,12:40,0,0
2023-05-17,12:45,0,0
2023-05-17,12:50,0,0
2023-05-17,12:55,0,0
2023-05-17,13:00,0,0
2023-05-17,13:05,0,0
2023-05-17,13:10,0,0
2023-05-17,13:15,0,0
2023-05-17,13:20,0,0
2023-05-17,13:25,0,0
2023-05-17,13:30,0,0
2023-05-17,13:35,0,0
2023-05-17,13:40,0,0
2023-05-17,13:45,0,0
2023-05-17,13:50,0,0
2023-05-17,13:55,0,0
2023-05-17,14:00,0,0
2023-05-17,14:05,0,0
2023-05-17,14:10,0,0
2023-05-17,14:15,0,0
2023-05-17,14:20,0,0
2023-05-17,14:25,0,0
2023-05-17,14:30,0,0
2023-05-17,14:35,0,0
2023-05-17,14:40,0,0
2023-05-17,14:45,0,0
2023-05-17,14:50,0,0
2023-05-17,14:55,0,0
2023-05-17,15:00,0,0
2023-05-17,15:05,0,0
2023-05-17,15:10,0,0
2023-05-17,15:15,0,0
2023-05-17,15:20,0,0
2023-05-17,15:25,0,0
2023-05-17,15:30,0,0
2023-05-17,15:35,0,0
2023-05-17,15:40,0,0
2023-05-17,15:45,0,0
2023-05-17,15:50,1,0
2023-05-17,15:55,1,0
2023-05-17,16:00,1,0
2023-05-17,16:05,1,0
2023-05-17,16:10,1,0
2023-05-17,16:15,1,0
2023-05-17,16:20,1,0
2023-05-17,16:25,1,0
2023-05-17,16:30,1,0
2023-05-17,16:35,1,0
2023-05-17,16:40,1,0
2023-05-17,16:45,1,0
2023-05-17,16:50,1,0
2023-05-17,16:55,1,0
2023-05-17,17:00,1,0
2023-05-17,17:05,1,0
2023-05-17,17:10,1,0
2023-05-17,17:15,1,0
2023-05-17,17:20,1,0
2023-05-17,17:25,1,0
2023-05-17,17:30,1,0
2023-05-17,17:35,1,0
2023-05-17,17:40,1,0
2023-05-17,17:45,1,0
2023-05-17,17:50,1,0
2023-05-17,17:55,1,0
2023-05-17,18:00,1,0
2023-05-17,18:05,0,0
2023-05-17,18:10,0,0
2023-05-17,18:15,1,0
2023-05-17,18:20,1,0
2023-05-17,18:25,1,0
2023-05-17,18:30,1,0
2023-05-17,18:35,1,0
2023-05-17,18:40,1,0
2023-05-17,18:45,0,0
2023-05-17,18:50,0,0
2023-05-21,12:45,0,0
2023-05-21,12:50,0,0
2023-05-21,12:55,0,0
2023-05-21,13:00,0,0
2023-05-21,13:05,0,0
2023-05-21,13:10,0,0
2023-05-21,13:15,0,0
2023-05-21,13:20,0,0
2023-05-21,13:25,0,0
2023-05-21,13:30,0,0
2023-05-21,13:35,0,0
2023-05-21,13:40,0,0
2023-05-21,13:45,0,0
2023-05-21,13:50,0,0
2023-05-21,13:55,0,0
2023-05-21,14:00,0,0
2023-05-21,14:05,0,0
2023-05-21,14:10,0,0
2023-05-21,14:15,0,0
2023-05-21,14:20,0,0
2023-05-21,14:25,0,0
2023-05-21,14:30,0,0
2023-05-21,14:35,0,0
2023-05-21,14:40,0,0
2023-05-21,14:45,0,0
2023-05-21,14:50,0,0
2023-05-21,14:55,0,0
2023-05-21,15:00,0,0
2023-05-21,15:05,0,0
2023-05-21,15:10,0,0
2023-05-21,15:15,0,0
2023-05-21,15:20,0,0
2023-05-21,15:25,0,0
2023-05-21,15:30,0,0
2023-05-21,15:35,0,0
2023-05-21,15:40,0,0
2023-05-21,15:45,0,0
2023-05-21,15:50,0,0
2023-05-21,15:55,0,0
2023-05-21,16:00,0,0
2023-05-21,16:05,0,0
2023-05-21,16:10,0,0
2023-05-21,16:15,0,0
2023-05-21,16:20,0,0
2023-05-21,16:25,0,0
2023-05-21,16:30,0,0
2023-05-21,16:35,0,0
2023-05-21,16:40,0,0
2023-05-21,16:45,0,0
2023-05-21,16:50,0,0
2023-05-21,16:55,0,0
2023-05-21,17:00,0,0
2023-05-21,17:05,0,0
2023-05-21,17:10,0,0
2023-05-21,17:15,0,0
2023-05-21,17:20,0,0
2023-05-21,17:25,0,0
2023-05-21,17:30,1,0
2023-05-21,17:35,1,0
2023-05-21,17:40,1,0
2023-05-21,17:45,0,0
2023-05-21,17:50,0,0
2023-05-21,17:55,0,0
2023-05-21,18:00,0,0
2023-05-21,18:05,0,0
2023-05-21,18:10,0,0
2023-05-21,18:15,0,0
2023-05-21,18:20,0,0
2023-05-21,18:25,0,0
2023-05-21,18:30,0,0
2023-05-21,18:35,0,0
2023-05-21,18:40,0,0
2023-05-21,18:45,0,0
2023-05-21,18:50,0,0
2023-05-21,18:55,0,0
2023-05-21,19:00,0,0
2023-05-21,19:05,0,0
2023-05-21,19:10,0,0
2023-05-21,19:15,0,0
2023-05-21,19:20,0,0
2023-05-21,19:25,0,0
2023-05-21,19:30,0,0
2023-05-21,19:35,0,0
2023-05-21,19:40,0,0
2023-05-21,19:45,0,0
2023-05-21,19:50,0,0
2023-05-21,19:55,0,0
2023-05-21,20:00,0,0
2023-05-21,20:05,0,0
2023-05-21,20:10,0,0
2023-05-21,20:15,0,0
2023-05-21,20:20,0,0
2023-05-21,20:25,0,0
2023-05-21,20:30,0,0
2023-05-21,20:35,0,0
2023-05-21,20:40,0,0
2023-05-21,20:45,0,0
2023-05-21,20:50,0,0
2023-05-21,20:55,0,0
2023-05-21,21:00,0,0
2023-05-21,21:05,0,0
2023-05-21,21:10,0,0
2023-05-21,21:15,0,0
2023-05-21,21:20,0,0
2023-05-21,21:25,0,0
2023-05-21,21:30,0,0
2023-05-21,21:35,0,0
2023-05-21,21:40,0,0
2023-05-21,21:45,0,0
2023-05-21,21:50,0,0
2023-05-21,21:55,0,0
2023-05-21,22:00,0,0
2023-05-21,22:05,0,0
2023-05-21,22:10,0,0
2023-05-21,22:15,0,0
2023-05-21,22:20,0,0
2023-05-21,22:25,0,0
2023-05-21,22:30,0,0
2023-05-21,22:35,0,0
2023-05-21,22:40,0,0
2023-05-21,22:45,0,0
2023-05-21,22:50,0,0
2023-05-21,22:55,0,0
2023-05-21,23:00,0,0
2023-05-21,23:05,0,0
2023-05-21,23:10,0,0
2023-05-21,23:15,0,0
2023-05-21,23:20,0,0
2023-05-21,23:25,0,0
2023-05-21,23:30,0,0
2023-05-21,23:35,0,0
2023-05-21,23:40,0,0
2023-05-21,23:45,0,0
2023-05-21,23:50,0,0
2023-05-21,23:55,0,0
2023-05-22,00:00,0,0
2023-05-22,00:05,0,0
2023-05-22,00:10,0,0
2023-05-22,00:15,0,0
2023-05-22,00:20,0,0
2023-05-22,00:25,0,0
2023-05-22,00:30,0,0
2023-05-22,00:35,0,0
2023-05-22,00:40,0,0
2023-05-22,00:45,0,0
2023-05-22,00:50,0,0
2023-05-22,00:55,0,0
2023-05-22,01:00,0,0
2023-05-22,01:05,0,0
2023-05-22,01:10,0,0
2023-05-22,01:15,0,0
2023-05-22,01:20,0,0
2023-05-22,01:25,0,0
2023-05-22,01:30,0,0
2023-05-22,01:35,0,0
2023-05-22,01:40,0,0
2023-05-22,01:45,0,0
2023-05-22,01:50,0,0
2023-05-22,01:55,0,0
2023-05-22,02:00,0,0
2023-05-22,02:10,0,0
2023-05-22,02:15,0,0
2023-05-22,02:20,0,0
2023-05-22,02:25,0,0
2023-05-22,02:30,0,0
2023-05-22,02:35,1,0
2023-05-22,02:40,1,0
2023-05-22,02:45,1,0
2023-05-22,02:50,1,0
2023-05-22,02:55,1,0
2023-05-22,03:00,1,0
2023-05-22,03:05,1,0
2023-05-22,03:10,1,0
2023-05-22,03:15,1,0
2023-05-22,03:20,1,0
2023-05-22,03:25,1,0
2023-05-22,03:30,1,0
2023-05-22,03:35,1,0
2023-05-22,03:40,1,0
2023-05-22,03:45,0,0
2023-05-22,03:50,0,0
2023-05-22,03:55,0,0
2023-05-22,04:00,0,0
2023-05-22,04:05,0,0
2023-05-22,04:10,0,0
2023-05-22,04:15,0,0
2023-05-22,04:20,0,0
2023-05-22,04:25,0,0
2023-05-22,04:30,0,0
2023-05-22,04:35,0,0
2023-05-22,04:40,0,0
2023-05-22,04:45,0,0
2023-05-22,04:50,0,0
2023-05-22,04:55,0,0
2023-05-22,05:00,0,0
2023-05-22,05:05,0,0
2023-05-22,05:10,0,0
2023-05-22,05:15,0,0
2023-05-22,05:20,0,0
2023-05-22,05:25,0,0
2023-05-22,05:30,0,0
2023-05-22,05:35,0,0
2023-05-22,05:40,0,0
2023-05-22,05:45,0,0
2023-05-22,05:50,0,0
2023-05-22,05:55,0,0
2023-05-22,06:00,0,0
2023-05-22,06:05,0,0
2023-05-22,06:10,0,0
2023-05-22,06:15,0,0
2023-05-22,06:20,0,0
2023-05-22,06:25,0,0
2023-05-22,06:30,0,0
2023-05-22,06:35,0,0
2023-05-22,06:40,0,0
2023-05-22,06:45,0,0
2023-05-22,06:50,0,0
2023-05-22,06:55,0,0
2023-05-22,07:00,0,0
2023-05-22,07:05,0,0
2023-05-22,07:10,0,0
2023-05-22,07:15,0,0
2023-05-22,07:20,0,0
2023-05-22,07:25,0,0
2023-05-22,07:30,0,0
2023-05-22,07:35,0,0
2023-05-22,07:40,0,0
2023-05-22,07:45,0,0
2023-05-22,07:50,0,0
2023-05-22,07:55,0,0
2023-05-22,08:00,0,0
2023-05-22,08:05,0,0
2023-05-22,08:10,0,0
2023-05-22,08:15,0,0
2023-05-22,08:20,0,0
2023-05-22,08:25,0,0
2023-05-22,08:30,0,0
2023-05-22,08:35,0,0
2023-05-22,08:40,0,0
2023-05-22,08:45,0,0
2023-05-22,08:50,0,0
2023-05-22,08:55,0,0
2023-05-22,09:00,0,0
2023-05-22,09:05,0,0
2023-05-22,09:10,0,0
2023-05-22,09:15,0,0
2023-05-22,09:20,0,0
2023-05-22,09:25,0,0
2023-05-22,09:30,0,0
2023-05-22,09:35,0,0
2023-05-22,09:40,0,0
2023-05-22,09:45,0,0
2023-05-22,09:50,0,0
2023-05-22,09:55,0,0
2023-05-22,10:00,0,0
2023-05-22,10:05,0,0
2023-05-22,10:10,0,0
2023-05-22,10:15,0,0
2023-05-22,10:20,0,0
2023-05-22,10:25,0,0
2023-05-22,10:30,0,0
2023-05-22,10:35,0,0
2023-05-22,10:40,0,0
2023-05-22,10:45,0,0
2023-05-22,10:50,0,0
2023-05-22,10:55,0,0
2023-05-22,11:00,0,0
2023-05-22,11:05,0,0
2023-05-22,11:10,1,0
2023-05-22,11:15,1,0
2023-05-22,11:20,1,0
2023-05-22,11:25,0,0
2023-05-22,11:30,0,0
2023-05-22,11:35,1,0
2023-05-22,11:40,1,0
2023-05-22,11:45,1,0
2023-05-22,11:50,1,0
2023-05-22,11:55,1,0
2023-05-22,12:00,1,0
2023-05-22,12:05,1,0
2023-05-22,12:10,1,0
2023-05-22,12:15,1,0
2023-05-22,12:20,1,0
2023-05-22,12:25,1,0
2023-05-22,12:30,1,0
2023-05-22,12:35,1,0
2023-05-22,12:40,1,0
2023-05-22,12:45,1,0
2023-05-22,12:50,1,0
2023-05-22,12:55,1,0
2023-05-22,13:00,1,0
2023-05-22,13:05,1,0
2023-05-22,13:10,1,0
2023-05-22,13:15,1,0
2023-05-22,13:20,1,0
2023-05-22,13:25,1,0
2023-05-22,13:30,1,0
2023-05-22,13:35,1,0
2023-05-22,13:40,1,0
2023-05-22,13:45,1,0
2023-05-22,13:50,1,0
2023-05-22,13:55,0,0
2023-05-22,14:00,1,0
2023-05-22,14:05,1,0
2023-05-22,14:10,0,0
2023-05-22,14:15,0,0
2023-05-22,14:20,0,0
2023-05-22,14:25,1,0
2023-05-22,14:30,1,0
2023-05-22,14:35,0,0
2023-05-22,14:40,1,0
2023-05-22,14:45,1,0
2023-05-22,14:50,0,0
2023-05-22,14:55,1,0
2023-05-22,15:00,1,0
2023-05-22,15:05,1,0
2023-05-22,15:10,1,0
2023-05-22,15:15,1,0
2023-05-22,15:20,1,0
2023-05-22,15:25,0,0
2023-05-22,15:30,1,0
2023-05-22,15:35,0,0
2023-05-22,15:40,0,0
2023-05-22,15:45,0,0
2023-05-22,15:50,1,0
2023-05-22,15:55,1,0
2023-05-22,16:00,1,0
2023-05-22,16:05,1,0
2023-05-22,16:10,1,0
2023-05-22,16:15,1,0
2023-05-22,16:20,1,0
2023-05-22,16:25,1,0
2023-05-22,16:30,1,0
2023-05-22,16:35,1,0
2023-05-22,16:40,1,0
2023-05-22,16:45,1,0
2023-05-22,16:50,1,0
2023-05-22,16:55,0,0
2023-05-22,17:00,0,0
2023-05-22,17:05,0,0
2023-05-22,17:10,0,0
2023-05-22,17:15,0,0
2023-05-22,17:20,0,0
2023-05-22,17:25,0,0
2023-05-22,17:30,0,0
2023-05-22,17:35,0,0
2023-05-22,17:40,0,0
2023-05-22,17:45,0,0
2023-05-22,17:50,0,0
2023-05-22,17:55,0,0
2023-05-22,18:00,0,0
2023-05-22,18:05,0,0
2023-05-22,18:10,0,0
2023-05-22,18:15,0,0
2023-05-22,18:20,0,0
2023-05-22,18:25,0,0
2023-05-22,18:30,0,0
2023-05-22,18:35,0,0
2023-05-22,18:40,0,0
2023-05-22,18:45,0,0
2023-05-22,18:50,0,0
2023-05-22,18:55,0,0
2023-05-22,19:00,0,0
2023-05-22,19:05,0,0
2023-05-22,19:10,0,0
2023-05-22,19:15,0,0
2023-05-22,19:20,0,0
2023-05-22,19:25,0,0
2023-05-22,19:30,0,0
2023-05-22,19:35,0,0
2023-05-22,19:40,0,0
2023-05-22,19:45,0,0
2023-05-22,19:50,0,0
2023-05-22,19:55,0,0
2023-05-22,20:00,0,0
2023-05-22,20:05,0,0
2023-05-22,20:10,0,0
2023-05-22,20:15,0,0
2023-05-22,20:20,0,0
2023-05-22,20:25,0,0
2023-05-22,20:30,0,0
2023-05-22,20:35,0,0
2023-05-22,20:40,0,0
2023-05-22,20:45,0,0
2023-05-22,20:50,0,0
2023-05-22,20:55,0,0
2023-05-22,21:00,0,0
2023-05-22,21:05,0,0
2023-05-22,21:10,0,0
2023-05-22,21:15,0,0
2023-05-22,21:20,0,0
2023-05-22,21:25,0,0
2023-05-22,21:30,0,0
2023-05-22,21:35,0,0
2023-05-22,21:40,0,0
2023-05-22,21:45,0,0
2023-05-22,21:50,0,0
2023-05-22,21:55,0,0
2023-05-22,22:00,0,0
2023-05-22,22:05,0,0
2023-05-22,22:10,0,0
2023-05-22,22:15,0,0
2023-05-22,22:20,0,0
2023-05-22,22:25,0,0
2023-05-22,22:30,0,0
2023-05-22,22:35,0,0
2023-05-22,22:40,0,0
2023-05-22,22:45,0,0
2023-05-22,22:50,0,0
2023-05-22,22:55,0,0
2023-05-22,23:00,0,0
2023-05-22,23:05,0,0
2023-05-22,23:10,0,0
2023-05-22,23:15,0,0
2023-05-22,23:20,0,0
2023-05-22,23:25,0,0
2023-05-22,23:30,0,0
2023-05-22,23:35,0,0
2023-05-22,23:40,0,0
2023-05-22,23:45,0,0
2023-05-22,23:50,0,0
2023-05-22,23:55,0,0
2023-05-23,00:00,0,0
2023-05-23,00:05,0,0
2023-05-23,00:10,0,0
2023-05-23,00:15,0,0
2023-05-23,00:20,0,0
2023-05-23,00:25,0,0
2023-05-23,00:30,0,0
2023-05-23,00:35,0,0
2023-05-23,00:40,0,0
2023-05-23,00:45,0,0
2023-05-23,00:50,0,0
2023-05-23,00:55,0,0
2023-05-23,01:00,0,0
2023-05-23,01:05,0,0
2023-05-23,01:10,0,0
2023-05-23,01:15,0,0
2023-05-23,01:20,0,0
2023-05-23,01:25,0,0
2023-05-23,01:30,0,0
2023-05-23,01:35,0,0
2023-05-23,01:40,0,0
2023-05-23,01:45,0,0
2023-05-23,01:50,0,0
2023-05-23,01:55,0,0
2023-05-23,02:00,0,0
2023-05-23,02:05,0,0
2023-05-23,02:10,0,0
2023-05-23,02:15,0,0
2023-05-23,02:20,0,0
2023-05-23,02:25,0,0
2023-05-23,02:30,0,0
2023-05-23,02:35,0,0
2023-05-23,02:40,1,0
2023-05-23,02:45,1,0
2023-05-23,02:50,1,0
2023-05-23,02:55,1,0
2023-05-23,03:00,0,0
2023-05-23,03:05,1,0
2023-05-23,03:10,1,0
2023-05-23,03:15,1,0
2023-05-23,03:20,1,0
2023-05-23,03:25,1,0
2023-05-23,03:30,0,0
2023-05-23,03:35,0,0
2023-05-23,03:40,0,0
2023-05-23,03:45,0,0
2023-05-23,03:50,0,0
2023-05-23,03:55,0,0
2023-05-23,04:00,1,0
2023-05-23,04:05,0,0
2023-05-23,04:10,0,0
2023-05-23,04:15,0,0
2023-05-23,04:20,0,0
2023-05-23,04:25,0,0
2023-05-23,04:30,0,0
2023-05-23,04:35,0,0
2023-05-23,04:40,0,0
2023-05-23,04:45,0,0
2023-05-23,04:50,0,0
2023-05-23,04:55,0,0
2023-05-23,05:00,0,0
2023-05-23,05:05,0,0
2023-05-23,05:10,0,0
2023-05-23,05:15,0,0
2023-05-23,05:20,0,0
2023-05-23,05:25,0,0
2023-05-23,05:30,0,0
2023-05-23,05:35,0,0
2023-05-23,05:40,0,0
2023-05-23,05:45,0,0
2023-05-23,05:50,0,0
2023-05-23,05:55,0,0
2023-05-23,06:00,0,0
2023-05-23,06:05,0,0
2023-05-23,06:10,1,0
2023-05-23,06:15,0,0
2023-05-23,06:20,0,0
2023-05-23,06:25,0,0
2023-05-23,06:30,0,0
2023-05-23,06:35,0,0
2023-05-23,06:40,0,0
2023-05-23,06:45,0,0
2023-05-23,06:50,0,0
2023-05-23,06:55,0,0
2023-05-23,07:00,0,0
2023-05-23,07:05,0,0
2023-05-23,07:10,0,0
2023-05-23,07:15,0,0
2023-05-23,07:20,0,0
2023-05-23,07:25,0,0
2023-05-23,07:30,0,0
2023-05-23,07:35,0,0
2023-05-23,07:40,0,0
2023-05-23,07:45,0,0
2023-05-23,07:50,0,0
2023-05-23,07:55,0,0
2023-05-23,08:00,0,0
2023-05-23,08:05,0,0
2023-05-23,08:10,0,0
2023-05-23,08:15,0,0
2023-05-23,08:20,0,0
2023-05-23,08:25,0,0
2023-05-23,08:30,0,0
2023-05-23,08:35,0,0
2023-05-23,08:40,0,0
2023-05-23,08:45,0,0
2023-05-23,08:50,0,0
2023-05-23,08:55,0,0
2023-05-23,09:00,0,0
2023-05-23,09:05,0,0
2023-05-23,09:10,0,0
2023-05-23,09:15,0,0
2023-05-23,09:20,0,0
2023-05-23,09:25,0,0
2023-05-23,09:30,0,0
2023-05-23,09:35,0,0
2023-05-23,09:40,0,0
2023-05-23,09:45,0,0
2023-05-23,09:50,0,0
2023-05-23,09:55,0,0
2023-05-23,10:00,0,0
2023-05-23,10:05,0,0
2023-05-23,10:10,0,0
2023-05-23,10:15,0,0
2023-05-23,10:20,0,0
2023-05-23,10:25,0,0
2023-05-23,10:30,0,0
2023-05-23,10:35,0,0
2023-05-23,10:40,0,0
2023-05-23,10:45,0,0
2023-05-23,10:50,0,0
2023-05-23,10:55,0,0
2023-05-23,11:00,0,0
2023-05-23,11:05,0,0
2023-05-23,11:10,0,0
2023-05-23,11:15,0,0
2023-05-23,11:20,0,0
2023-05-23,11:25,0,0
2023-05-23,11:30,0,0
2023-05-23,11:35,0,0
2023-05-23,11:40,0,0
2023-05-23,11:45,0,0
2023-05-23,11:50,0,0
2023-05-23,11:55,0,0
2023-05-23,12:00,0,0
2023-05-23,12:05,0,0
2023-05-23,12:10,0,0
2023-05-23,12:15,0,0
2023-05-23,12:20,0,0
2023-05-23,12:25,0,0
2023-05-23,12:30,0,0
2023-05-23,12:35,0,0
2023-05-23,12:40,0,0
2023-05-23,12:45,0,0
2023-05-23,12:50,0,0
2023-05-23,12:55,0,0
2023-05-23,13:00,0,0
2023-05-23,13:05,0,0
2023-05-23,13:10,0,0
2023-05-23,13:15,0,0
2023-05-23,13:20,0,0
2023-05-23,13:25,0,0
2023-05-23,13:30,0,0
2023-05-23,13:35,0,0
2023-05-23,13:40,0,0
2023-05-23,13:45,0,0
2023-05-23,13:50,0,0
2023-05-23,13:55,0,0
2023-05-23,14:00,0,0
2023-05-23,14:05,0,0
2023-05-23,14:10,0,0
2023-05-23,14:15,0,0
2023-05-23,14:20,0,0
2023-05-23,14:25,0,0
2023-05-23,14:30,0,0
2023-05-23,14:35,0,0
2023-05-23,14:40,0,0
2023-05-23,14:45,0,0
2023-05-23,14:50,0,0
2023-05-23,14:55,0,0
2023-05-23,15:00,0,0
2023-05-23,15:05,0,0
2023-05-23,15:10,0,0
2023-05-23,15:15,0,0
2023-05-23,15:20,0,0
2023-05-23,15:25,0,0
2023-05-23,15:30,0,0
2023-05-23,15:35,0,0
2023-05-23,15:40,0,0
2023-05-23,15:45,0,0
2023-05-23,15:50,0,0
2023-05-23,15:55,0,0
2023-05-23,16:00,0,0
2023-05-23,16:05,0,0
2023-05-23,16:10,0,0
2023-05-23,16:15,0,0
2023-05-23,16:20,0,0
2023-05-23,16:25,0,0
2023-05-23,16:30,0,0
2023-05-23,16:35,0,0
2023-05-23,16:40,0,0
2023-05-23,16:45,0,0
2023-05-23,16:50,0,0
2023-05-23,16:55,0,0
2023-05-23,17:00,0,0
2023-05-23,17:05,0,0
2023-05-23,17:10,0,0
2023-05-23,17:15,0,0
2023-05-23,17:20,0,0
2023-05-23,17:25,0,0
2023-05-23,17:30,0,0
2023-05-23,17:35,0,0
2023-05-23,17:40,0,0
2023-05-23,17:45,0,0
2023-05-23,17:50,0,0
2023-05-23,17:55,0,0
2023-05-23,18:00,0,0
2023-05-23,18:05,0,0
2023-05-23,18:10,0,0
2023-05-23,18:15,0,0
2023-05-23,18:20,0,0
2023-05-23,18:25,0,0
2023-05-23,18:30,0,0
2023-05-23,18:35,0,0
2023-05-23,18:40,0,0
2023-05-23,18:45,0,0
2023-05-23,18:50,0,0
2023-05-23,18:55,1,0
2023-05-23,19:00,0,0
2023-05-23,19:05,0,0
2023-05-23,19:10,0,0
2023-05-23,19:15,0,0
2023-05-23,19:20,0,0
2023-05-23,19:25,0,0
2023-05-23,19:30,0,0
2023-05-23,19:35,0,0
2023-05-23,19:40,0,0
2023-05-23,19:45,0,0
2023-05-23,19:50,0,0
2023-05-23,19:55,0,0
2023-05-23,20:00,0,0
2023-05-23,20:05,0,0
2023-05-23,20:10,0,0
2023-05-23,20:15,0,0
2023-05-23,20:20,0,0
2023-05-23,20:25,0,0
2023-05-23,20:30,0,0
2023-05-23,20:35,0,0
2023-05-23,20:40,0,0
2023-05-23,20:45,0,0
2023-05-23,20:50,0,0
2023-05-23,20:55,0,0
2023-05-23,21:00,0,0
2023-05-23,21:05,0,0
2023-05-23,21:10,0,0
2023-05-23,21:15,0,0
2023-05-23,21:20,0,0
2023-05-23,21:25,0,0
2023-05-23,21:30,0,0
2023-05-23,21:35,0,0
2023-05-23,21:40,0,0
2023-05-23,21:45,0,0
2023-05-23,21:50,0,0
2023-05-23,21:55,0,0
2023-05-23,22:00,0,0
2023-05-23,22:05,0,0
2023-05-23,22:10,0,0
2023-05-23,22:15,0,0
2023-05-23,22:20,0,0
2023-05-23,22:25,0,0
2023-05-23,22:30,0,0
2023-05-23,22:35,0,0
2023-05-23,22:40,0,0
2023-05-23,22:45,0,0
2023-05-23,22:50,0,0
2023-05-23,22:55,0,0
2023-05-23,23:00,0,0
2023-05-23,23:05,0,0
2023-05-23,23:10,0,0
2023-05-23,23:15,0,0
2023-05-23,23:20,0,0
2023-05-23,23:25,0,0
2023-05-23,23:30,0,0
2023-05-23,23:35,0,0
2023-05-23,23:40,0,0
2023-05-23,23:45,0,0
2023-05-23,23:50,0,0
2023-05-23,23:55,0,0
2023-05-24,00:00,0,0
2023-05-24,00:05,0,0
2023-05-24,00:10,0,0
2023-05-24,00:15,0,0
2023-05-24,00:20,0,0
2023-05-24,00:25,0,0
2023-05-24,00:30,0,0
2023-05-24,00:35,0,0
2023-05-24,00:40,0,0
2023-05-24,00:45,0,0
2023-05-24,00:50,0,0
2023-05-24,00:55,0,0
2023-05-24,01:00,0,0
2023-05-24,01:05,0,0
2023-05-24,01:10,0,0
2023-05-24,01:15,0,0
2023-05-24,01:20,0,0
2023-05-24,01:25,0,0
2023-05-24,01:30,0,0
2023-05-24,01:35,0,0
2023-05-24,01:40,0,0
2023-05-24,01:45,0,0
2023-05-24,01:50,0,0
2023-05-24,01:55,0,0
2023-05-24,02:00,0,0
2023-05-24,02:05,0,0
2023-05-24,02:10,0,0
2023-05-24,02:15,0,0
2023-05-24,02:20,0,0
2023-05-24,02:25,0,0
2023-05-24,02:30,0,0
2023-05-24,02:35,0,0
2023-05-24,02:40,0,0
2023-05-24,02:45,0,0
2023-05-24,02:50,0,0
2023-05-24,02:55,0,0
2023-05-24,03:00,1,0
2023-05-24,03:05,1,0
2023-05-24,03:10,1,0
2023-05-24,03:15,0,0
2023-05-24,03:20,0,0
2023-05-24,03:25,1,0
2023-05-24,03:30,1,0
2023-05-24,03:35,0,0
2023-05-24,03:40,1,0
2023-05-24,03:45,1,0
2023-05-24,03:50,1,0
2023-05-24,03:55,1,0
2023-05-24,04:00,1,0
2023-05-24,04:05,1,0
2023-05-24,04:10,1,0
2023-05-24,04:15,1,0
2023-05-24,04:20,1,0
2023-05-24,04:25,1,0
2023-05-24,04:30,1,0
2023-05-24,04:35,1,0
2023-05-24,04:40,0,0
2023-05-24,04:45,0,0
2023-05-24,04:50,0,0
2023-05-24,04:55,0,0
2023-05-24,05:00,0,0
2023-05-24,05:05,0,0
2023-05-24,05:10,0,0
2023-05-24,05:15,0,0
2023-05-24,05:20,0,0
2023-05-24,05:25,0,0
2023-05-24,05:30,0,0
2023-05-24,05:35,0,0
2023-05-24,05:40,0,0
2023-05-24,05:45,0,0
2023-05-24,05:50,0,0
2023-05-24,05:55,0,0
2023-05-24,06:00,0,0
2023-05-24,06:05,0,0
2023-05-24,06:10,0,0
2023-05-24,06:15,0,0
2023-05-24,06:20,0,0
2023-05-24,06:25,0,0
2023-05-24,06:30,0,0
2023-05-24,06:35,0,0
2023-05-24,06:40,0,0
2023-05-24,06:45,0,0
2023-05-24,06:50,0,0
2023-05-24,06:55,0,0
2023-05-24,07:00,0,0
2023-05-24,07:05,0,0
2023-05-24,07:10,0,0
2023-05-24,07:15,0,0
2023-05-24,07:20,0,0
2023-05-24,07:25,0,0
2023-05-24,07:30,0,0
2023-05-24,07:35,0,0
2023-05-24,07:40,0,0
2023-05-24,07:45,0,0
2023-05-24,07:50,0,0
2023-05-24,07:55,0,0
2023-05-24,08:00,0,0
2023-05-24,08:05,0,0
2023-05-24,08:10,0,0
2023-05-24,08:15,0,0
2023-05-24,08:20,0,0
2023-05-24,08:25,0,0
2023-05-24,08:30,0,0
2023-05-24,08:35,0,0
2023-05-24,08:40,0,0
2023-05-24,08:45,0,0
2023-05-24,08:50,0,0
2023-05-24,08:55,0,0
2023-05-24,09:00,0,0
2023-05-24,09:05,0,0
2023-05-24,09:10,0,0
2023-05-24,09:15,0,0
2023-05-24,09:20,0,0
2023-05-24,09:25,0,0
2023-05-24,09:30,0,0
2023-05-24,09:35,0,0
2023-05-24,09:40,0,0
2023-05-24,09:45,0,0
2023-05-24,09:50,0,0
2023-05-24,09:55,0,0
2023-05-24,10:00,0,0
2023-05-24,10:05,0,0
2023-05-24,10:10,0,0
2023-05-24,10:15,0,0
2023-05-24,10:20,0,0
2023-05-24,10:25,0,0
2023-05-24,10:30,0,0
2023-05-24,10:35,0,0
2023-05-24,10:40,0,0
2023-05-24,10:45,0,0
2023-05-24,10:50,0,0
2023-05-24,10:55,0,0
2023-05-24,11:00,0,0
2023-05-24,11:05,0,0
2023-05-24,11:10,0,0
2023-05-24,11:15,0,0
2023-05-24,11:20,0,0
2023-05-24,11:25,0,0
2023-05-24,11:30,0,0
2023-05-24,11:35,0,0
2023-05-24,11:40,0,0
2023-05-24,11:45,0,0
2023-05-24,11:50,0,0
2023-05-24,11:55,0,0
2023-05-24,12:00,0,0
2023-05-24,12:05,0,0
2023-05-24,12:10,0,0
2023-05-24,12:15,0,0
2023-05-24,12:20,0,0
2023-05-24,12:25,0,0
2023-05-24,12:30,0,0
2023-05-24,12:35,0,0
2023-05-24,12:40,0,0
2023-05-24,12:45,0,0
2023-05-24,12:50,0,0
2023-05-24,12:55,0,0
2023-05-24,13:00,0,0
2023-05-24,13:05,0,0
2023-05-24,13:10,0,0
2023-05-24,13:15,0,0
2023-05-24,13:20,0,0
2023-05-24,13:25,0,0
2023-05-24,13:30,0,0
2023-05-24,13:35,0,0
2023-05-24,13:40,0,0
2023-05-24,13:45,0,0
2023-05-24,13:50,0,0
2023-05-24,13:55,0,0
2023-05-24,14:00,0,0
2023-05-24,14:05,0,0
2023-05-24,14:10,0,0
2023-05-24,14:15,0,0
2023-05-24,14:20,0,0
2023-05-24,14:25,0,0
2023-05-24,14:30,0,0
2023-05-24,14:35,0,0
2023-05-24,14:40,0,0
2023-05-24,14:45,0,0
2023-05-24,14:50,0,0
2023-05-24,14:55,0,0
2023-05-24,15:00,0,0
2023-05-24,15:05,0,0
2023-05-24,15:10,0,0
2023-05-24,15:15,0,0
2023-05-24,15:20,0,0
2023-05-24,15:25,0,0
2023-05-24,15:30,0,0
2023-05-24,15:35,0,0
2023-05-24,15:40,0,0
2023-05-24,15:45,0,0
2023-05-24,15:50,0,0
2023-05-24,15:55,0,0
2023-05-24,16:00,0,0
2023-05-24,16:05,0,0
2023-05-24,16:10,0,0
2023-05-24,16:15,0,0
2023-05-24,16:20,0,0
2023-05-24,16:25,0,0
2023-05-24,16:30,0,0
2023-05-24,16:35,0,0
2023-05-24,16:40,0,0
2023-05-24,16:45,0,0
2023-05-24,16:50,0,0
2023-05-24,16:55,0,0
2023-05-24,17:00,0,0
2023-05-24,17:05,0,0
2023-05-24,17:10,0,0
2023-05-24,17:15,0,0
2023-05-24,17:20,0,0
2023-05-24,17:25,0,0
2023-05-24,17:30,0,0
2023-05-24,17:35,0,0
2023-05-24,17:40,0,0
2023-05-24,17:45,0,0
2023-05-24,17:50,0,0
2023-05-24,17:55,0,0
2023-05-24,18:00,0,0
2023-05-24,18:05,0,0
2023-05-24,18:10,0,0
2023-05-24,18:15,0,0
2023-05-24,18:20,0,0
2023-05-24,18:25,0,0
2023-05-24,18:30,0,0
2023-05-24,18:35,0,0
2023-05-24,18:40,0,0
2023-05-24,18:45,0,0
2023-05-24,18:50,0,0
2023-05-24,18:55,0,0
2023-05-24,19:00,0,0
2023-05-24,19:05,0,0
2023-05-24,19:10,0,0
2023-05-24,19:15,0,0
2023-05-24,19:20,0,0
2023-05-24,19:25,0,0
2023-05-24,19:30,0,0
2023-05-24,19:35,0,0
2023-05-24,19:40,0,0
2023-05-24,19:45,0,0
2023-05-24,19:50,0,0
2023-05-24,19:55,0,0
2023-05-24,20:00,0,0
2023-05-24,20:05,0,0
2023-05-24,20:10,0,0
2023-05-24,20:15,0,0
2023-05-24,20:20,0,0
2023-05-24,20:25,0,0
2023-05-24,20:30,0,0
2023-05-24,20:35,0,0
2023-05-24,20:40,0,0
2023-05-24,20:45,0,0
2023-05-24,20:50,0,0
2023-05-24,20:55,0,0
2023-05-24,21:00,0,0
2023-05-24,21:05,0,0
2023-05-24,21:10,0,0
2023-05-24,21:15,0,0
2023-05-24,21:20,0,0
2023-05-24,21:25,0,0
2023-05-24,21:30,0,0
2023-05-24,21:35,0,0
2023-05-24,21:40,0,0
2023-05-24,21:45,0,0
2023-05-24,21:50,0,0
2023-05-24,21:55,0,0
2023-05-24,22:00,1,0
2023-05-24,22:05,1,0
2023-05-24,22:10,1,0
2023-05-24,22:15,1,0
2023-05-24,22:20,1,0
2023-05-24,22:25,1,0
2023-05-24,22:30,1,0
2023-05-24,22:35,1,0
2023-05-24,22:40,0,0
2023-05-24,22:45,0,0
2023-05-24,22:50,0,0
2023-05-24,22:55,0,0
2023-05-24,23:00,0,0
2023-05-24,23:05,0,0
2023-05-24,23:10,0,0
2023-05-24,23:15,0,0
2023-05-24,23:20,0,0
2023-05-24,23:25,0,0
2023-05-24,23:30,0,0
2023-05-24,23:35,0,0
2023-05-24,23:40,0,0
2023-05-24,23:45,0,0
2023-05-24,23:50,0,0
2023-05-24,23:55,0,0
2023-05-25,00:00,0,0
2023-05-25,00:05,0,0
2023-05-25,00:10,0,0
2023-05-25,00:15,0,0
2023-05-25,00:20,0,0
2023-05-25,00:25,0,0
2023-05-25,00:30,0,0
2023-05-25,00:35,0,0
2023-05-25,00:40,0,0
2023-05-25,00:45,0,0
2023-05-25,00:50,0,0
2023-05-25,00:55,0,0
2023-05-25,01:00,0,0
2023-05-25,01:05,0,0
2023-05-25,01:10,0,0
2023-05-25,01:15,0,0
2023-05-25,01:20,0,0
2023-05-25,01:25,0,0
2023-05-25,01:30,0,0
2023-05-25,01:35,0,0
2023-05-25,01:40,0,0
2023-05-25,01:45,0,0
2023-05-25,01:50,0,0
2023-05-25,01:55,0,0
2023-05-25,02:00,0,0
2023-05-25,02:05,1,0
2023-05-25,02:10,0,0
2023-05-25,02:15,0,0
2023-05-25,02:20,0,0
2023-05-25,02:25,0,0
2023-05-25,02:30,0,0
2023-05-25,02:35,1,0
2023-05-25,02:40,0,0
2023-05-25,02:45,0,0
2023-05-25,02:50,0,0
2023-05-25,02:55,1,0
2023-05-25,03:00,1,0
2023-05-25,03:05,1,0
2023-05-25,03:10,1,0
2023-05-25,03:15,1,0
2023-05-25,03:20,1,0
2023-05-25,03:25,0,0
2023-05-25,03:30,0,0
2023-05-25,03:35,1,0
2023-05-25,03:40,0,0
2023-05-25,03:45,1,0
2023-05-25,03:50,1,0
2023-05-25,03:55,1,0
2023-05-25,04:00,0,0
2023-05-25,04:05,0,0
2023-05-25,04:10,0,0
2023-05-25,04:15,0,0
2023-05-25,04:20,0,0
2023-05-25,04:25,0,0
2023-05-25,04:30,0,0
2023-05-25,04:35,0,0
2023-05-25,04:40,0,0
2023-05-25,04:45,0,0
2023-05-25,04:50,0,0
2023-05-25,04:55,0,0
2023-05-25,05:00,0,0
2023-05-25,05:05,0,0
2023-05-25,05:10,0,0
2023-05-25,05:15,0,0
2023-05-25,05:20,0,0
2023-05-25,05:25,0,0
2023-05-25,05:30,0,0
2023-05-25,05:35,0,0
2023-05-25,05:40,0,0
2023-05-25,05:45,0,0
2023-05-25,05:50,0,0
2023-05-25,05:55,0,0
2023-05-25,06:00,0,0
2023-05-25,06:05,0,0
2023-05-25,06:10,0,0
2023-05-25,06:15,0,0
2023-05-25,06:20,0,0
2023-05-25,06:25,0,0
2023-05-25,06:30,0,0
2023-05-25,06:35,0,0
2023-05-25,06:40,0,0
2023-05-25,06:45,0,0
2023-05-25,06:50,0,0
2023-05-25,06:55,0,0
2023-05-25,07:00,0,0
2023-05-25,07:05,0,0
2023-05-25,07:10,0,0
2023-05-25,07:15,0,0
2023-05-25,07:20,0,0
2023-05-25,07:25,0,0
2023-05-25,07:30,0,0
2023-05-25,07:35,0,0
2023-05-25,07:40,0,0
2023-05-25,07:45,0,0
2023-05-25,07:50,0,0
2023-05-25,07:55,0,0
2023-05-25,08:00,0,0
2023-05-25,08:05,0,0
2023-05-25,08:10,0,0
2023-05-25,08:15,0,0
2023-05-25,08:20,0,0
2023-05-25,08:25,0,0
2023-05-25,08:30,0,0
2023-05-25,08:35,0,0
2023-05-25,08:40,0,0
2023-05-25,08:45,0,0
2023-05-25,08:50,0,0
2023-05-25,08:55,0,0
2023-05-25,09:00,0,0
2023-05-25,09:05,0,0
2023-05-25,09:10,0,0
2023-05-25,09:15,0,0
2023-05-25,09:20,0,0
2023-05-25,09:25,0,0
2023-05-25,09:30,0,0
2023-05-25,09:35,0,0
2023-05-25,09:40,0,0
2023-05-25,09:45,0,0
2023-05-25,09:50,0,0
2023-05-25,09:55,0,0
2023-05-25,10:00,0,0
2023-05-25,10:05,0,0
2023-05-25,10:10,0,0
2023-05-25,10:15,0,0
2023-05-25,10:20,0,0
2023-05-25,10:25,0,0
2023-05-25,10:30,0,0
2023-05-25,10:35,0,0
2023-05-25,10:40,0,0
2023-05-25,10:45,0,0
2023-05-25,10:50,0,0
2023-05-25,10:55,0,0
2023-05-25,11:00,0,0
2023-05-25,11:05,0,0
2023-05-25,11:10,0,0
2023-05-25,11:15,0,0
2023-05-25,11:20,0,0
2023-05-25,11:25,0,0
2023-05-25,11:30,0,0
2023-05-25,11:35,0,0
2023-05-25,11:40,0,0
2023-05-25,11:45,0,0
2023-05-25,11:50,0,0
2023-05-25,11:55,0,0
2023-05-25,12:00,0,0
2023-05-25,12:05,0,0
2023-05-25,12:10,0,0
2023-05-25,12:15,0,0
2023-05-25,12:20,0,0
2023-05-25,12:25,0,0
2023-05-25,12:30,0,0
2023-05-25,12:35,0,0
2023-05-25,12:40,0,0
2023-05-25,12:45,0,0
2023-05-25,12:50,0,0
2023-05-25,12:55,0,0
2023-05-25,13:00,0,0
2023-05-25,13:05,0,0
2023-05-25,13:10,0,0
2023-05-25,13:15,0,0
2023-05-25,13:20,0,0
2023-05-25,13:25,0,0
2023-05-25,13:30,0,0
2023-05-25,13:35,0,0
2023-05-25,13:40,0,0
2023-05-25,13:45,0,0
2023-05-25,13:50,0,0
2023-05-25,13:55,0,0
2023-05-25,14:00,0,0
2023-05-25,14:05,0,0
2023-05-25,14:10,0,0
2023-05-25,14:15,0,0
2023-05-25,14:20,0,0
2023-05-25,14:25,0,0
2023-05-25,14:30,0,0
2023-05-25,14:35,0,0
2023-05-25,14:40,0,0
2023-05-25,14:45,0,0
2023-05-25,14:50,0,0
2023-05-25,14:55,0,0
2023-05-25,15:00,0,0
2023-05-25,15:05,0,0
2023-05-25,15:10,0,0
2023-05-25,15:15,0,0
2023-05-25,15:20,0,0
2023-05-25,15:25,0,0
2023-05-25,15:30,0,0
2023-05-25,15:35,0,0
2023-05-25,15:40,0,0
2023-05-25,15:50,0,0
2023-05-25,15:55,0,0
2023-05-25,16:00,0,0
2023-05-25,16:05,0,0
2023-05-25,16:10,0,0
2023-05-25,16:15,0,0
2023-05-25,16:20,0,0
2023-05-25,16:25,0,0
2023-05-25,16:30,0,0
2023-05-25,16:35,0,0
2023-05-25,16:40,0,0
2023-05-25,16:45,0,0
2023-05-25,16:50,0,0
2023-05-25,16:55,0,0
2023-05-25,17:00,0,0
2023-05-25,17:05,0,0
2023-05-25,17:10,0,0
2023-05-25,17:15,0,0
2023-05-25,17:20,0,0
2023-05-25,17:25,0,0
2023-05-25,17:30,0,0
2023-05-25,17:35,0,0
2023-05-25,17:40,0,0
2023-05-25,17:45,0,0
2023-05-25,17:50,0,0
2023-05-25,17:55,0,0
2023-05-25,18:00,0,0
2023-05-25,18:05,0,0
2023-05-25,18:10,0,0
2023-05-25,18:15,0,0
2023-05-25,18:20,0,0
2023-05-25,18:25,0,0
2023-05-25,18:30,0,0
2023-05-25,18:35,0,0
2023-05-25,18:40,0,0
2023-05-25,18:45,0,0
2023-05-25,18:50,0,0
2023-05-25,18:55,0,0
2023-05-25,19:00,0,0
2023-05-25,19:05,0,0
2023-05-25,19:10,0,0
2023-05-25,19:15,0,0
2023-05-25,19:20,0,0
2023-05-25,19:25,0,0
2023-05-25,19:30,0,0
2023-05-25,19:35,0,0
2023-05-25,19:40,0,0
2023-05-25,19:45,0,0
2023-05-25,19:50,0,0
2023-05-25,19:55,0,0
2023-05-25,20:00,0,0
2023-05-25,20:05,0,0
2023-05-25,20:10,0,0
2023-05-25,20:15,0,0
2023-05-25,20:20,0,0
2023-05-25,20:25,0,0
2023-05-25,20:30,0,0
2023-05-25,20:35,0,0
2023-05-25,20:40,0,0
2023-05-25,20:45,0,0
2023-05-25,20:50,0,0
2023-05-25,20:55,0,0
2023-05-25,21:00,0,0
2023-05-25,21:05,0,0
2023-05-25,21:10,0,0
2023-05-25,21:15,0,0
2023-05-25,21:20,0,0
2023-05-25,21:25,0,0
2023-05-25,21:30,0,0
2023-05-25,21:35,0,0
2023-05-25,21:40,0,0
2023-05-25,21:45,0,0
2023-05-25,21:50,0,0
2023-05-25,21:55,0,0
2023-05-25,22:00,0,0
2023-05-25,22:05,0,0
2023-05-25,22:10,0,0
2023-05-25,22:15,0,0
2023-05-25,22:20,0,0
2023-05-25,22:25,0,0
2023-05-25,22:30,0,0
2023-05-25,22:35,0,0
2023-05-25,22:40,0,0
2023-05-25,22:45,0,0
2023-05-25,22:50,0,0
2023-05-25,22:55,0,0
2023-05-25,23:00,0,0
2023-05-25,23:05,0,0
2023-05-25,23:10,0,0
2023-05-25,23:15,1,0
2023-05-25,23:20,1,0
2023-05-25,23:25,1,0
2023-05-25,23:30,1,0
2023-05-25,23:35,1,0
2023-05-25,23:40,1,0
2023-05-25,23:45,1,0
2023-05-25,23:50,0,0
2023-05-25,23:55,0,0
2023-05-26,00:00,0,0
2023-05-26,00:05,0,0
2023-05-26,00:10,0,0
2023-05-26,00:15,0,0
2023-05-26,00:20,0,0
2023-05-26,00:25,0,0
2023-05-26,00:30,0,0
2023-05-26,00:35,0,0
2023-05-26,00:40,0,0
2023-05-26,00:45,1,0
2023-05-26,00:50,1,0
2023-05-26,00:55,1,0
2023-05-26,01:00,1,0
2023-05-26,01:05,1,0
2023-05-26,01:10,1,0
2023-05-26,01:15,1,0
2023-05-26,01:20,1,0
2023-05-26,01:25,1,0
2023-05-26,01:30,1,0
2023-05-26,01:35,1,0
2023-05-26,01:40,0,0
2023-05-26,01:45,0,0
2023-05-26,01:50,1,0
2023-05-26,01:55,0,0
2023-05-26,02:00,1,0
2023-05-26,02:05,0,0
2023-05-26,02:10,1,0
2023-05-26,02:15,1,0
2023-05-26,02:20,1,0
2023-05-26,02:25,0,0
2023-05-26,02:30,1,0
2023-05-26,02:35,0,0
2023-05-26,02:40,0,0
2023-05-26,02:45,0,0
2023-05-26,02:50,0,0
2023-05-26,02:55,0,0
2023-05-26,03:00,0,0
2023-05-26,03:05,0,0
2023-05-26,03:10,0,0
2023-05-26,03:15,0,0
2023-05-26,03:20,0,0
2023-05-26,03:25,0,0
2023-05-26,03:30,0,0
2023-05-26,03:35,0,0
2023-05-26,03:40,0,0
2023-05-26,03:45,0,0
2023-05-26,03:50,0,0
2023-05-26,03:55,1,0
2023-05-26,04:00,1,0
2023-05-26,04:05,1,0
2023-05-26,04:10,1,0
2023-05-26,04:15,1,0
2023-05-26,04:20,1,0
2023-05-26,04:25,1,0
2023-05-26,04:30,1,0
2023-05-26,04:35,1,0
2023-05-26,04:40,1,0
2023-05-26,04:45,1,0
2023-05-26,04:50,0,0
2023-05-26,04:55,1,0
2023-05-26,05:00,0,0
2023-05-26,05:05,0,0
2023-05-26,05:10,0,0
2023-05-26,05:15,0,0
2023-05-26,05:20,1,0
2023-05-26,05:25,0,0
2023-05-26,05:30,1,0
2023-05-26,05:35,0,0
2023-05-26,05:40,0,0
2023-05-26,05:45,1,0
2023-05-26,05:50,0,0
2023-05-26,05:55,0,0
2023-05-26,06:00,1,0
2023-05-26,06:05,1,0
2023-05-26,06:10,1,0
2023-05-26,06:15,1,0
2023-05-26,06:20,1,0
2023-05-26,06:25,1,0
2023-05-26,06:30,1,0
2023-05-26,06:35,1,0
2023-05-26,06:40,1,0
2023-05-26,06:45,1,0
2023-05-26,06:50,1,0
2023-05-26,06:55,0,0
2023-05-26,07:00,0,0
2023-05-26,07:05,0,0
2023-05-26,07:10,0,0
2023-05-26,07:15,0,0
2023-05-26,07:20,0,0
2023-05-26,07:25,0,0
2023-05-26,07:30,0,0
2023-05-26,07:35,0,0
2023-05-26,07:40,0,0
2023-05-26,07:45,0,0
2023-05-26,07:50,0,0
2023-05-26,07:55,0,0
2023-05-26,08:00,0,0
2023-05-26,08:05,0,0
2023-05-26,08:10,0,0
2023-05-26,08:15,0,0
2023-05-26,08:20,0,0
2023-05-26,08:25,0,0
2023-05-26,08:30,0,0
2023-05-26,08:35,0,0
2023-05-26,08:40,0,0
2023-05-26,08:45,0,0
2023-05-26,08:50,0,0
2023-05-26,08:55,0,0
2023-05-26,09:00,0,0
2023-05-26,09:05,0,0
2023-05-26,09:10,0,0
2023-05-26,09:15,0,0
2023-05-26,09:20,0,0
2023-05-26,09:25,0,0
2023-05-26,09:30,0,0
2023-05-26,09:35,0,0
2023-05-26,09:40,0,0
2023-05-26,09:45,0,0
2023-05-26,09:50,0,0
2023-05-26,09:55,0,0
2023-05-26,10:00,0,0
2023-05-26,10:05,0,0
2023-05-26,10:10,0,0
2023-05-26,10:15,0,0
2023-05-26,10:20,0,0
2023-05-26,10:25,0,0
2023-05-26,10:30,0,0
2023-05-26,10:35,0,0
2023-05-26,10:40,0,0
2023-05-26,10:45,0,0
2023-05-26,10:50,0,0
2023-05-26,10:55,0,0
2023-05-26,11:00,0,0
2023-05-26,11:05,0,0
2023-05-26,11:10,0,0
2023-05-26,11:15,0,0
2023-05-26,11:20,0,0
2023-05-26,11:25,0,0
2023-05-26,11:30,0,0
2023-05-26,11:35,0,0
2023-05-26,11:40,0,0
2023-05-26,11:45,0,0
2023-05-26,11:50,0,0
2023-05-26,11:55,0,0
2023-05-26,12:00,0,0
2023-05-26,12:05,0,0
2023-05-26,12:10,0,0
2023-05-26,12:15,0,0
2023-05-26,12:20,1,0
2023-05-26,12:25,1,0
2023-05-26,12:30,1,0
2023-05-26,12:35,1,0
2023-05-26,12:40,1,0
2023-05-26,12:45,1,0
2023-05-26,12:50,0,0
2023-05-26,12:55,0,0
2023-05-26,13:00,0,0
2023-05-26,13:05,0,0
2023-05-26,13:10,0,0
2023-05-26,13:15,0,0
2023-05-26,13:20,1,0
2023-05-26,13:25,1,0
2023-05-26,13:30,1,0
2023-05-26,13:35,1,0
2023-05-26,13:40,1,0
2023-05-26,13:45,1,0
2023-05-26,13:50,1,0
2023-05-26,13:55,1,0
2023-05-26,14:00,1,0
2023-05-26,14:05,1,0
2023-05-26,14:10,1,0
2023-05-26,14:15,1,0
2023-05-26,14:20,1,0
2023-05-26,14:25,1,0
2023-05-26,14:30,0,0
2023-05-26,14:35,0,0
2023-05-26,14:40,0,0
2023-05-26,14:45,0,0
2023-05-26,14:50,0,0
2023-05-26,14:55,0,0
2023-05-26,15:00,0,0
2023-05-26,15:05,0,0
2023-05-26,15:10,0,0
2023-05-26,15:15,0,0
2023-05-26,15:20,0,0
2023-05-26,15:25,0,0
2023-05-26,15:30,0,0
2023-05-26,15:35,0,0
2023-05-26,15:40,0,0
2023-05-26,15:45,0,0
2023-05-26,15:50,0,0
2023-05-26,15:55,0,0
2023-05-26,16:00,0,0
2023-05-26,16:05,0,0
2023-05-26,16:10,0,0
2023-05-26,16:15,0,0
2023-05-26,16:20,0,0
2023-05-26,16:25,0,0
2023-05-26,16:30,0,0
2023-05-26,16:35,0,0
2023-05-26,16:40,0,0
2023-05-26,16:45,0,0
2023-05-26,16:50,0,0
2023-05-26,16:55,0,0
2023-05-26,17:00,0,0
2023-05-26,17:05,0,0
2023-05-26,17:10,0,0
2023-05-26,17:15,0,0
2023-05-26,17:20,0,0
2023-05-26,17:25,1,0
2023-05-26,17:30,1,0
2023-05-26,17:35,1,0
2023-05-26,17:40,1,0
2023-05-26,17:45,1,0
2023-05-26,17:50,1,0
2023-05-26,17:55,1,0
2023-05-26,18:00,1,0
2023-05-26,18:05,1,0
2023-05-26,18:10,1,0
2023-05-26,18:15,1,0
2023-05-26,18:20,1,0
2023-05-26,18:25,1,0
2023-05-26,18:30,1,0
2023-05-26,18:35,1,0
2023-05-26,18:40,1,0
2023-05-26,18:45,1,0
2023-05-26,18:50,1,0
2023-05-26,18:55,1,0
2023-05-26,19:00,1,0
2023-05-26,19:05,1,0
2023-05-26,19:10,1,0
2023-05-26,19:15,1,0
2023-05-26,19:20,1,0
2023-05-26,19:25,1,0
2023-05-26,19:30,1,0
2023-05-26,19:35,1,0
2023-05-26,19:40,1,0
2023-05-26,19:45,1,0
2023-05-26,19:50,1,0
2023-05-26,19:55,1,0
2023-05-26,20:00,1,0
2023-05-26,20:05,1,0
2023-05-26,20:10,1,0
2023-05-26,20:15,1,0
2023-05-26,20:20,1,0
2023-05-26,20:25,1,0
2023-05-26,20:30,1,0
2023-05-26,20:35,1,0
2023-05-26,20:40,1,0
2023-05-26,20:45,1,0
2023-05-26,20:50,1,0
2023-05-26,20:55,1,0
2023-05-26,21:00,1,0
2023-05-26,21:05,1,0
2023-05-26,21:10,1,0
2023-05-26,21:15,1,0
2023-05-26,21:20,1,0
2023-05-26,21:25,1,0
2023-05-26,21:30,1,0
2023-05-26,21:35,1,0
2023-05-26,21:40,1,0
2023-05-26,21:45,1,0
2023-05-26,21:50,1,0
2023-05-26,21:55,1,0
2023-05-26,22:00,1,0
2023-05-26,22:05,1,0
2023-05-26,22:10,1,0
2023-05-26,22:15,1,0
2023-05-26,22:20,1,0
2023-05-26,22:25,1,0
2023-05-26,22:30,1,0
2023-05-26,22:35,1,0
2023-05-26,22:40,1,0
2023-05-26,22:45,1,0
2023-05-26,22:50,1,0
2023-05-26,22:55,1,0
2023-05-26,23:00,1,0
2023-05-26,23:05,1,0
2023-05-26,23:10,0,0
2023-05-26,23:15,0,0
2023-05-26,23:20,0,0
2023-05-26,23:25,0,0
2023-05-26,23:30,0,0
2023-05-26,23:35,0,0
2023-05-26,23:40,0,0
2023-05-26,23:45,0,0
2023-05-26,23:50,0,0
2023-05-26,23:55,0,0
2023-05-27,00:00,0,0
2023-05-27,00:05,0,0
2023-05-27,00:10,0,0
2023-05-27,00:15,0,0
2023-05-27,00:20,0,0
2023-05-27,00:25,0,0
2023-05-27,00:30,0,0
2023-05-27,00:35,1,0
2023-05-27,00:40,0,0
2023-05-27,00:45,0,0
2023-05-27,00:50,1,0
2023-05-27,00:55,1,0
2023-05-27,01:00,1,0
2023-05-27,01:05,1,0
2023-05-27,01:10,1,0
2023-05-27,01:15,1,0
2023-05-27,01:20,1,0
2023-05-27,01:25,0,0
2023-05-27,01:30,0,0
2023-05-27,01:35,0,0
2023-05-27,01:40,0,0
2023-05-27,01:45,0,0
2023-05-27,01:50,0,0
2023-05-27,01:55,0,0
2023-05-27,02:00,0,0
2023-05-27,02:05,0,0
2023-05-27,02:10,0,0
2023-05-27,02:15,0,0
2023-05-27,02:20,0,0
2023-05-27,02:25,0,0
2023-05-27,02:30,0,0
2023-05-27,02:35,0,0
2023-05-27,02:40,0,0
2023-05-27,02:45,0,0
2023-05-27,02:50,0,0
2023-05-27,02:55,0,0
2023-05-27,03:00,0,0
2023-05-27,03:05,0,0
2023-05-27,03:10,0,0
2023-05-27,03:15,0,0
2023-05-27,03:20,0,0
2023-05-27,03:25,0,0
2023-05-27,03:30,0,0
2023-05-27,03:35,1,0
2023-05-27,03:40,0,0
2023-05-27,03:45,1,0
2023-05-27,03:50,1,0
2023-05-27,03:55,1,0
2023-05-27,04:00,1,0
2023-05-27,04:05,0,0
2023-05-27,04:10,1,0
2023-05-27,04:15,0,0
2023-05-27,04:20,1,0
2023-05-27,04:25,0,0
2023-05-27,04:30,1,0
2023-05-27,04:35,1,0
2023-05-27,04:40,1,0
2023-05-27,04:45,0,0
2023-05-27,04:50,0,0
2023-05-27,04:55,0,0
2023-05-27,05:00,0,0
2023-05-27,05:05,0,0
2023-05-27,05:10,0,0
2023-05-27,05:15,0,0
2023-05-27,05:20,0,0
2023-05-27,05:25,0,0
2023-05-27,05:30,0,0
2023-05-27,05:35,0,0
2023-05-27,05:40,0,0
2023-05-27,05:45,0,0
2023-05-27,05:50,0,0
2023-05-27,05:55,0,0
2023-05-27,06:00,0,0
2023-05-27,06:05,0,0
2023-05-27,06:10,0,0
2023-05-27,06:15,0,0
2023-05-27,06:20,0,0
2023-05-27,06:25,0,0
2023-05-27,06:30,0,0
2023-05-27,06:35,0,0
2023-05-27,06:40,0,0
2023-05-27,06:45,0,0
2023-05-27,06:50,0,0
2023-05-27,06:55,0,0
2023-05-27,07:00,0,0
2023-05-27,07:05,0,0
2023-05-27,07:10,0,0
2023-05-27,07:15,0,0
2023-05-27,07:20,0,0
2023-05-27,07:25,0,0
2023-05-27,07:30,0,0
2023-05-27,07:35,0,0
2023-05-27,07:40,0,0
2023-05-27,07:45,0,0
2023-05-27,07:50,0,0
2023-05-27,07:55,0,0
2023-05-27,08:00,0,0
2023-05-27,08:05,0,0
2023-05-27,08:10,0,0
2023-05-27,08:15,0,0
2023-05-27,08:20,0,0
2023-05-27,08:25,0,0
2023-05-27,08:30,0,0
2023-05-27,08:35,0,0
2023-05-27,08:40,0,0
2023-05-27,08:45,0,0
2023-05-27,08:50,0,0
2023-05-27,08:55,0,0
2023-05-27,09:00,0,0
2023-05-27,09:05,0,0
2023-05-27,09:10,0,0
2023-05-27,09:15,0,0
2023-05-27,09:20,0,0
2023-05-27,09:25,0,0
2023-05-27,09:30,0,0
2023-05-27,09:35,0,0
2023-05-27,09:40,0,0
2023-05-27,09:45,0,0
2023-05-27,09:50,0,0
2023-05-27,09:55,0,0
2023-05-27,10:00,0,0
2023-05-27,10:05,0,0
2023-05-27,10:10,0,0
2023-05-27,10:15,0,0
2023-05-27,10:20,0,0
2023-05-27,10:25,0,0
2023-05-27,10:30,0,0
2023-05-27,10:35,0,0
2023-05-27,10:40,0,0
2023-05-27,10:45,0,0
2023-05-27,10:50,0,0
2023-05-27,10:55,0,0
2023-05-27,11:00,0,0
2023-05-27,11:05,0,0
2023-05-27,11:10,0,0
2023-05-27,11:15,0,0
2023-05-27,11:20,0,0
2023-05-27,11:25,0,0
2023-05-27,11:30,0,0
2023-05-27,11:35,0,0
2023-05-27,11:40,0,0
2023-05-27,11:45,0,0
2023-05-27,11:50,0,0
2023-05-27,11:55,0,0
2023-05-27,12:00,0,0
2023-05-27,12:05,0,0
2023-05-27,12:10,0,0
2023-05-27,12:15,0,0
2023-05-27,12:20,0,0
2023-05-27,12:25,0,0
2023-05-27,12:30,0,0
2023-05-27,12:35,0,0
2023-05-27,12:40,0,0
2023-05-27,12:45,0,0
2023-05-27,12:50,0,0
2023-05-27,12:55,0,0
2023-05-27,13:00,0,0
2023-05-27,13:05,0,0
2023-05-27,13:10,0,0
2023-05-27,13:15,0,0
2023-05-27,13:20,0,0
2023-05-27,13:25,0,0
2023-05-27,13:30,0,0
2023-05-27,13:35,0,0
2023-05-27,13:40,0,0
2023-05-27,13:45,1,0
2023-05-27,13:50,1,0
2023-05-27,13:55,1,0
2023-05-27,14:00,1,0
2023-05-27,14:05,1,0
2023-05-27,14:10,1,0
2023-05-27,14:15,1,0
2023-05-27,14:20,1,0
2023-05-27,14:25,1,0
2023-05-27,14:30,1,0
2023-05-27,14:35,1,0
2023-05-27,14:40,0,0
2023-05-27,14:45,0,0
2023-05-27,14:50,0,0
2023-05-27,14:55,0,0
2023-05-27,15:00,0,0
2023-05-27,15:05,0,0
2023-05-27,15:10,0,0
2023-05-27,15:15,0,0
2023-05-27,15:20,0,0
2023-05-27,15:25,0,0
2023-05-27,15:30,0,0
2023-05-27,15:35,0,0
2023-05-27,15:40,0,0
2023-05-27,15:45,0,0
2023-05-27,15:50,0,0
2023-05-27,15:55,0,0
2023-05-27,16:00,0,0
2023-05-27,16:05,0,0
2023-05-27,16:10,0,0
2023-05-27,16:15,0,0
2023-05-27,16:20,0,0
2023-05-27,16:25,0,0
2023-05-27,16:30,0,0
2023-05-27,16:35,0,0
2023-05-27,16:40,0,0
2023-05-27,16:45,0,0
2023-05-27,16:50,0,0
2023-05-27,16:55,0,0
2023-05-27,17:00,0,0
2023-05-27,17:05,0,0
2023-05-27,17:10,0,0
2023-05-27,17:15,0,0
2023-05-27,17:20,0,0
2023-05-27,17:25,0,0
2023-05-27,17:30,0,0
2023-05-27,17:35,0,0
2023-05-27,17:40,0,0
2023-05-27,17:45,0,0
2023-05-27,17:50,0,0
2023-05-27,17:55,0,0
2023-05-27,18:00,0,0
2023-05-27,18:05,0,0
2023-05-27,18:10,0,0
2023-05-27,18:15,0,0
2023-05-27,18:20,0,0
2023-05-27,18:25,0,0
2023-05-27,18:30,0,0
2023-05-27,18:35,0,0
2023-05-27,18:40,0,0
2023-05-27,18:45,0,0
2023-05-27,18:50,0,0
2023-05-27,18:55,0,0
2023-05-27,19:00,0,0
2023-05-27,19:05,0,0
2023-05-27,19:10,0,0
2023-05-27,19:15,0,0
2023-05-27,19:20,1,0
2023-05-27,19:25,1,0
2023-05-27,19:30,1,0
2023-05-27,19:35,0,0
2023-05-27,19:40,0,0
2023-05-27,19:45,1,0
2023-05-27,19:50,1,0
2023-05-27,19:55,1,0
2023-05-27,20:00,1,0
2023-05-27,20:05,1,0
2023-05-27,20:10,1,0
2023-05-27,20:15,1,0
2023-05-27,20:20,1,0
2023-05-27,20:25,1,0
2023-05-27,20:30,1,0
2023-05-27,20:35,1,0
2023-05-27,20:40,1,0
2023-05-27,20:45,1,0
2023-05-27,20:50,1,0
2023-05-27,20:55,1,0
2023-05-27,21:00,1,0
2023-05-27,21:05,1,0
2023-05-27,21:10,1,0
2023-05-27,21:15,1,0
2023-05-27,21:20,1,0
2023-05-27,21:25,1,0
2023-05-27,21:30,1,0
2023-05-27,21:35,1,0
2023-05-27,21:40,1,1
